city_id,city,hotel_name,url,score,description,latitude,longitude
28,Collioure,Hôtel Princes de Catalogne,https://www.booking.com/hotel/fr/princes-de-catalogne.fr.html?aid=304142&label=gen173nr-10CAQoggJCEHNlYXJjaF9jb2xsaW91cmVIDVgEaE2IAQGYATO4ARfIAQzYAQPoAQH4AQGIAgGoAgG4AsqWjdUGwAIB0gIkOGU3NTRiZDctZTIwZS00NGU0LWFkYzQtNTNiOGI4YTg0NTVl2AIB4AIB&ucfs=1&arphpl=1&checkin=2026-10-15&checkout=2026-10-17&group_adults=2&req_adults=2&no_rooms=1&group_children=0&req_children=0&hpos=1&hapos=1&sr_order=popularity&srpvid=6a6f036592fe00be&srepoch=1789086561&all_sr_blocks=4277401_88557437_2_2_0&highlighted_blocks=4277401_88557437_2_2_0&matching_block_id=4277401_88557437_2_2_0&sr_pri_blocks=4277401_88557437_2_2_0__16916&from=searchresults,8.3,"Chambre Double ou Lits Jumeaux Standard
Types de lits : 1 lit double ou 2 lits simples
Plus que 3 disponibles à ce tarif",42.525914313393564,3.0826815962791443
28,Collioure,Logement 50 m de la plage Arrivée et Départ Autonome,https://www.booking.com/hotel/fr/logement-en-bord-de-mer.fr.html?aid=304142&label=gen173nr-10CAQoggJCEHNlYXJjaF9jb2xsaW91cmVIDVgEaE2IAQGYATO4ARfIAQzYAQPoAQH4AQGIAgGoAgG4AsqWjdUGwAIB0gIkOGU3NTRiZDctZTIwZS00NGU0LWFkYzQtNTNiOGI4YTg0NTVl2AIB4AIB&ucfs=1&arphpl=1&checkin=2026-10-15&checkout=2026-10-17&group_adults=2&req_adults=2&no_rooms=1&group_children=0&req_children=0&hpos=2&hapos=2&sr_order=popularity&srpvid=6a6f036592fe00be&srepoch=1789086561&all_sr_blocks=1245932101_428812353_2_0_0&highlighted_blocks=1245932101_428812353_2_0_0&matching_block_id=1245932101_428812353_2_0_0&sr_pri_blocks=1245932101_428812353_2_0_0__12778&from=searchresults,8.8,"Appartement - Rez-de-Chaussée
Appartement entier • 1 chambre • 1 salon • 1 salle de bains • 1 cuisine • 35 m²
1 lit double
Annulation gratuite",42.5238601,3.0839396
28,Collioure,Residence Pierre & Vacances Les Balcons de Collioure,https://www.booking.com/hotel/fr/maevabalconsdecollioure.fr.html?aid=304142&label=gen173nr-10CAQoggJCEHNlYXJjaF9jb2xsaW91cmVIDVgEaE2IAQGYATO4ARfIAQzYAQPoAQH4AQGIAgGoAgG4AsqWjdUGwAIB0gIkOGU3NTRiZDctZTIwZS00NGU0LWFkYzQtNTNiOGI4YTg0NTVl2AIB4AIB&ucfs=1&arphpl=1&checkin=2026-10-15&checkout=2026-10-17&group_adults=2&req_adults=2&no_rooms=1&group_children=0&req_children=0&hpos=3&hapos=3&sr_order=popularity&srpvid=6a6f036592fe00be&srepoch=1789086561&all_sr_blocks=5170904_258598807_2_0_0&highlighted_blocks=5170904_258598807_2_0_0&matching_block_id=5170904_258598807_2_0_0&sr_pri_blocks=5170904_258598807_2_0_0__17236&from_sustainable_property_sr=1&from=searchresults,8.3,"Studio with Air Conditioning and Balcony (2 people) - Sea view
Studio entier • 1 salle de bains • 20 m²
1 canapé-lit
Plus que 2 disponibles à ce tarif",42.525106327083726,3.0904361978173256
28,Collioure,APP' ART CENTRE PLAGE + PARKING GRATUIT,https://www.booking.com/hotel/fr/app-art-centre-plage-parking-gratuit.fr.html?aid=304142&label=gen173nr-10CAQoggJCEHNlYXJjaF9jb2xsaW91cmVIDVgEaE2IAQGYATO4ARfIAQzYAQPoAQH4AQGIAgGoAgG4AsqWjdUGwAIB0gIkOGU3NTRiZDctZTIwZS00NGU0LWFkYzQtNTNiOGI4YTg0NTVl2AIB4AIB&ucfs=1&arphpl=1&checkin=2026-10-15&checkout=2026-10-17&group_adults=2&req_adults=2&no_rooms=1&group_children=0&req_children=0&hpos=4&hapos=4&sr_order=popularity&srpvid=6a6f036592fe00be&srepoch=1789086561&all_sr_blocks=872877401_356072085_4_0_0&highlighted_blocks=872877401_356072085_4_0_0&matching_block_id=872877401_356072085_4_0_0&sr_pri_blocks=872877401_356072085_4_0_0__30884&from=searchresults,8.5,"Appartement 2 Chambres
Appartement entier • 2 chambres • 1 salon • 1 salle de bains • 1 cuisine • 50 m²
3 lits (1 canapé-lit, 2 grands lits doubles)
Annulation gratuite
Plus que 1 disponible à ce tarif",42.5233452832972,3.08696843573436
28,Collioure,Les Chênes-lièges d'Ambeille,https://www.booking.com/hotel/fr/chenes-lieges.fr.html?aid=304142&label=gen173nr-10CAQoggJCEHNlYXJjaF9jb2xsaW91cmVIDVgEaE2IAQGYATO4ARfIAQzYAQPoAQH4AQGIAgGoAgG4AsqWjdUGwAIB0gIkOGU3NTRiZDctZTIwZS00NGU0LWFkYzQtNTNiOGI4YTg0NTVl2AIB4AIB&ucfs=1&arphpl=1&checkin=2026-10-15&checkout=2026-10-17&group_adults=2&req_adults=2&no_rooms=1&group_children=0&req_children=0&hpos=5&hapos=5&sr_order=popularity&srpvid=6a6f036592fe00be&srepoch=1789086561&all_sr_blocks=845913501_382786562_2_0_0&highlighted_blocks=845913501_382786562_2_0_0&matching_block_id=845913501_382786562_2_0_0&sr_pri_blocks=845913501_382786562_2_0_0__20916&from=searchresults,9.1,"Appartement 1 Chambre
Appartement entier • 1 chambre • 1 salle de bains • 1 cuisine • 19 m²
1 lit double
Annulation gratuite",42.52396992202,3.077311134393
28,Collioure,LES BATTERIES bord de mer,https://www.booking.com/hotel/fr/pleasant-beachfront-apartment.fr.html?aid=304142&label=gen173nr-10CAQoggJCEHNlYXJjaF9jb2xsaW91cmVIDVgEaE2IAQGYATO4ARfIAQzYAQPoAQH4AQGIAgGoAgG4AsqWjdUGwAIB0gIkOGU3NTRiZDctZTIwZS00NGU0LWFkYzQtNTNiOGI4YTg0NTVl2AIB4AIB&ucfs=1&arphpl=1&checkin=2026-10-15&checkout=2026-10-17&group_adults=2&req_adults=2&no_rooms=1&group_children=0&req_children=0&hpos=6&hapos=6&sr_order=popularity&srpvid=6a6f036592fe00be&srepoch=1789086561&all_sr_blocks=1551025101_426293913_4_0_0&highlighted_blocks=1551025101_426293913_4_0_0&matching_block_id=1551025101_426293913_4_0_0&sr_pri_blocks=1551025101_426293913_4_0_0__15406&from=searchresults,8.6,"Appartement 1 Chambre
Appartement entier • 1 chambre • 1 salon • 1 salle de bains • 40 m²
2 lits (1 canapé-lit, 1 grand lit double)",42.5244979,3.0970643
28,Collioure,"T2 chaleureux classé 4 étoiles, quartier typique au calme, plages et centre à 5 minutes, parking privé",https://www.booking.com/hotel/fr/superbe-t2-quartier-historique-calme-climatisation-wifi.fr.html?aid=304142&label=gen173nr-10CAQoggJCEHNlYXJjaF9jb2xsaW91cmVIDVgEaE2IAQGYATO4ARfIAQzYAQPoAQH4AQGIAgGoAgG4AsqWjdUGwAIB0gIkOGU3NTRiZDctZTIwZS00NGU0LWFkYzQtNTNiOGI4YTg0NTVl2AIB4AIB&ucfs=1&arphpl=1&checkin=2026-10-15&checkout=2026-10-17&group_adults=2&req_adults=2&no_rooms=1&group_children=0&req_children=0&hpos=7&hapos=7&sr_order=popularity&srpvid=6a6f036592fe00be&srepoch=1789086561&all_sr_blocks=1298252401_411620257_2_0_0&highlighted_blocks=1298252401_411620257_2_0_0&matching_block_id=1298252401_411620257_2_0_0&sr_pri_blocks=1298252401_411620257_2_0_0__27069&from=searchresults,9.6,"Appartement 1 Chambre
Appartement entier • 1 chambre • 1 salle de bains • 1 cuisine • 40 m²
2 lits (1 lit simple, 1 grand lit double)
Annulation gratuite",42.528471,3.0851042
28,Collioure,Ibanova Appartements,https://www.booking.com/hotel/fr/ibanova.fr.html?aid=304142&label=gen173nr-10CAQoggJCEHNlYXJjaF9jb2xsaW91cmVIDVgEaE2IAQGYATO4ARfIAQzYAQPoAQH4AQGIAgGoAgG4AsqWjdUGwAIB0gIkOGU3NTRiZDctZTIwZS00NGU0LWFkYzQtNTNiOGI4YTg0NTVl2AIB4AIB&ucfs=1&arphpl=1&checkin=2026-10-15&checkout=2026-10-17&group_adults=2&req_adults=2&no_rooms=1&group_children=0&req_children=0&hpos=8&hapos=8&sr_order=popularity&srpvid=6a6f036592fe00be&srepoch=1789086561&all_sr_blocks=513295603_431330249_2_0_0&highlighted_blocks=513295603_431330249_2_0_0&matching_block_id=513295603_431330249_2_0_0&sr_pri_blocks=513295603_431330249_2_0_0__16700&from=searchresults,8.8,"Studio
Appartement entier • 1 chambre • 1 salle de bains • 1 cuisine • 20 m²
1 lit double
Annulation gratuite
Plus que 4 disponibles à ce tarif",42.5231333,3.0855761
28,Collioure,Le charme de Collioure,https://www.booking.com/hotel/fr/le-charme-de-collioure.fr.html?aid=304142&label=gen173nr-10CAQoggJCEHNlYXJjaF9jb2xsaW91cmVIDVgEaE2IAQGYATO4ARfIAQzYAQPoAQH4AQGIAgGoAgG4AsqWjdUGwAIB0gIkOGU3NTRiZDctZTIwZS00NGU0LWFkYzQtNTNiOGI4YTg0NTVl2AIB4AIB&ucfs=1&arphpl=1&checkin=2026-10-15&checkout=2026-10-17&group_adults=2&req_adults=2&no_rooms=1&group_children=0&req_children=0&hpos=9&hapos=9&sr_order=popularity&srpvid=6a6f036592fe00be&srepoch=1789086561&all_sr_blocks=478334801_431538845_5_0_0&highlighted_blocks=478334801_431538845_5_0_0&matching_block_id=478334801_431538845_5_0_0&sr_pri_blocks=478334801_431538845_5_0_0__19166&from=searchresults,7.7,"Appartement 1 Chambre
Appartement entier • 1 chambre • 1 salon • 1 salle de bains • 1 cuisine • 42 m²
3 lits (2 canapés-lits, 1 grand lit double)
Annulation gratuite",42.5239628,3.0842504
28,Collioure,L anse des Imperiales 1,https://www.booking.com/hotel/fr/l-anse-des-imperiales-1.fr.html?aid=304142&label=gen173nr-10CAQoggJCEHNlYXJjaF9jb2xsaW91cmVIDVgEaE2IAQGYATO4ARfIAQzYAQPoAQH4AQGIAgGoAgG4AsqWjdUGwAIB0gIkOGU3NTRiZDctZTIwZS00NGU0LWFkYzQtNTNiOGI4YTg0NTVl2AIB4AIB&ucfs=1&arphpl=1&checkin=2026-10-15&checkout=2026-10-17&group_adults=2&req_adults=2&no_rooms=1&group_children=0&req_children=0&hpos=10&hapos=10&sr_order=popularity&srpvid=6a6f036592fe00be&srepoch=1789086561&all_sr_blocks=1281477701_401052335_3_0_0&highlighted_blocks=1281477701_401052335_3_0_0&matching_block_id=1281477701_401052335_3_0_0&sr_pri_blocks=1281477701_401052335_3_0_0__20789&from=searchresults,8.5,"Appartement 1 Chambre
Appartement entier • 1 chambre • 1 salon • 1 salle de bains • 30 m²
2 lits (1 lit double, 1 canapé-lit)",42.522714340905125,3.0926035133698715
28,Collioure,"Comme sur un bateau, T2, vue sur mer, terrasse, plage",https://www.booking.com/hotel/fr/comme-sur-un-bateau-t2-vue-sur-mer-terrasse-plage.fr.html?aid=304142&label=gen173nr-10CAQoggJCEHNlYXJjaF9jb2xsaW91cmVIDVgEaE2IAQGYATO4ARfIAQzYAQPoAQH4AQGIAgGoAgG4AsqWjdUGwAIB0gIkOGU3NTRiZDctZTIwZS00NGU0LWFkYzQtNTNiOGI4YTg0NTVl2AIB4AIB&ucfs=1&arphpl=1&checkin=2026-10-15&checkout=2026-10-17&group_adults=2&req_adults=2&no_rooms=1&group_children=0&req_children=0&hpos=11&hapos=11&sr_order=popularity&srpvid=6a6f036592fe00be&srepoch=1789086561&all_sr_blocks=1520073801_423674408_2_0_0&highlighted_blocks=1520073801_423674408_2_0_0&matching_block_id=1520073801_423674408_2_0_0&sr_pri_blocks=1520073801_423674408_2_0_0__25207&from=searchresults,8.9,"Appartement 1 Chambre - Non-Fumeurs
Appartement entier • 1 chambre • 1 salon • 1 salle de bains • 1 cuisine • 25 m²
2 lits (1 lit double, 1 canapé-lit)",42.5246923478307,3.09831407886431
28,Collioure,Chambres Rue de la République,https://www.booking.com/hotel/fr/chambres-rue-de-la-republique.fr.html?aid=304142&label=gen173nr-10CAQoggJCEHNlYXJjaF9jb2xsaW91cmVIDVgEaE2IAQGYATO4ARfIAQzYAQPoAQH4AQGIAgGoAgG4AsqWjdUGwAIB0gIkOGU3NTRiZDctZTIwZS00NGU0LWFkYzQtNTNiOGI4YTg0NTVl2AIB4AIB&ucfs=1&arphpl=1&checkin=2026-10-15&checkout=2026-10-17&group_adults=2&req_adults=2&no_rooms=1&group_children=0&req_children=0&hpos=12&hapos=12&sr_order=popularity&srpvid=6a6f036592fe00be&srepoch=1789086561&all_sr_blocks=168769701_385058565_2_0_0&highlighted_blocks=168769701_385058565_2_0_0&matching_block_id=168769701_385058565_2_0_0&sr_pri_blocks=168769701_385058565_2_0_0__18548&from=searchresults,8.0,"Chambre Double Standard
1 grand lit double
Annulation gratuite
Plus que 5 disponibles à ce tarif",42.52556369773399,3.0827967208667815
28,Collioure,La Frégate,https://www.booking.com/hotel/fr/la-fra-c-gate-collioure.fr.html?aid=304142&label=gen173nr-10CAQoggJCEHNlYXJjaF9jb2xsaW91cmVIDVgEaE2IAQGYATO4ARfIAQzYAQPoAQH4AQGIAgGoAgG4AsqWjdUGwAIB0gIkOGU3NTRiZDctZTIwZS00NGU0LWFkYzQtNTNiOGI4YTg0NTVl2AIB4AIB&ucfs=1&arphpl=1&checkin=2026-10-15&checkout=2026-10-17&group_adults=2&req_adults=2&no_rooms=1&group_children=0&req_children=0&hpos=13&hapos=13&sr_order=popularity&srpvid=6a6f036592fe00be&srepoch=1789086561&all_sr_blocks=5818606_391442334_2_2_0&highlighted_blocks=5818606_391442334_2_2_0&matching_block_id=5818606_391442334_2_2_0&sr_pri_blocks=5818606_391442334_2_2_0__28716&from=searchresults,8.2,"Chambre Double Essentiel
1 lit double
Annulation gratuite
Plus que 6 disponibles à ce tarif",42.52638625163285,3.083256594836712
28,Collioure,2 Suites avec SDB Terrasse au calme Parking,https://www.booking.com/hotel/fr/cadenisse-t3-parking-wifi.fr.html?aid=304142&label=gen173nr-10CAQoggJCEHNlYXJjaF9jb2xsaW91cmVIDVgEaE2IAQGYATO4ARfIAQzYAQPoAQH4AQGIAgGoAgG4AsqWjdUGwAIB0gIkOGU3NTRiZDctZTIwZS00NGU0LWFkYzQtNTNiOGI4YTg0NTVl2AIB4AIB&ucfs=1&arphpl=1&checkin=2026-10-15&checkout=2026-10-17&group_adults=2&req_adults=2&no_rooms=1&group_children=0&req_children=0&hpos=14&hapos=14&sr_order=popularity&srpvid=6a6f036592fe00be&srepoch=1789086561&all_sr_blocks=1470739901_431661308_4_0_0&highlighted_blocks=1470739901_431661308_4_0_0&matching_block_id=1470739901_431661308_4_0_0&sr_pri_blocks=1470739901_431661308_4_0_0__33335&from=searchresults,9.2,"Appartement 1 Chambre
Appartement entier • 2 chambres • 2 salles de bains • 1 cuisine • 54 m²
2 lits (1 lit double, 1 grand lit double)
Annulation gratuite",42.5288625611658,3.0774199883605835
28,Collioure,La Chambre De Salome,https://www.booking.com/hotel/fr/la-chambre-de-salome.fr.html?aid=304142&label=gen173nr-10CAQoggJCEHNlYXJjaF9jb2xsaW91cmVIDVgEaE2IAQGYATO4ARfIAQzYAQPoAQH4AQGIAgGoAgG4AsqWjdUGwAIB0gIkOGU3NTRiZDctZTIwZS00NGU0LWFkYzQtNTNiOGI4YTg0NTVl2AIB4AIB&ucfs=1&arphpl=1&checkin=2026-10-15&checkout=2026-10-17&group_adults=2&req_adults=2&no_rooms=1&group_children=0&req_children=0&hpos=15&hapos=15&sr_order=popularity&srpvid=6a6f036592fe00be&srepoch=1789086561&all_sr_blocks=150149801_340059796_2_1_0&highlighted_blocks=150149801_340059796_2_1_0&matching_block_id=150149801_340059796_2_1_0&sr_pri_blocks=150149801_340059796_2_1_0__21461&from=searchresults,8.9,"Chambre Double - Vue sur Montagne
1 grand lit double
Petit-déjeuner compris
Annulation gratuite
Plus que 4 disponibles à ce tarif",42.52111689594046,3.0773091316223145
28,Collioure,Com a Casa,https://www.booking.com/hotel/fr/com-a-casa.fr.html?aid=304142&label=gen173nr-10CAQoggJCEHNlYXJjaF9jb2xsaW91cmVIDVgEaE2IAQGYATO4ARfIAQzYAQPoAQH4AQGIAgGoAgG4AsqWjdUGwAIB0gIkOGU3NTRiZDctZTIwZS00NGU0LWFkYzQtNTNiOGI4YTg0NTVl2AIB4AIB&ucfs=1&arphpl=1&checkin=2026-10-15&checkout=2026-10-17&group_adults=2&req_adults=2&no_rooms=1&group_children=0&req_children=0&hpos=16&hapos=16&sr_order=popularity&srpvid=6a6f036592fe00be&srepoch=1789086561&all_sr_blocks=1318460401_404564972_4_0_0&highlighted_blocks=1318460401_404564972_4_0_0&matching_block_id=1318460401_404564972_4_0_0&sr_pri_blocks=1318460401_404564972_4_0_0__22575&from=searchresults,8.9,"Appartement 1 Chambre
Appartement entier • 1 chambre • 1 salon • 1 salle de bains • 1 cuisine • 39 m²
2 lits (1 canapé-lit, 1 grand lit double)
Annulation gratuite",42.5221552,3.0885682
28,Collioure,Mihechris,https://www.booking.com/hotel/fr/mihechrist.fr.html?aid=304142&label=gen173nr-10CAQoggJCEHNlYXJjaF9jb2xsaW91cmVIDVgEaE2IAQGYATO4ARfIAQzYAQPoAQH4AQGIAgGoAgG4AsqWjdUGwAIB0gIkOGU3NTRiZDctZTIwZS00NGU0LWFkYzQtNTNiOGI4YTg0NTVl2AIB4AIB&ucfs=1&arphpl=1&checkin=2026-10-15&checkout=2026-10-17&group_adults=2&req_adults=2&no_rooms=1&group_children=0&req_children=0&hpos=17&hapos=17&sr_order=popularity&srpvid=6a6f036592fe00be&srepoch=1789086561&all_sr_blocks=1045726501_376896959_0_0_0&highlighted_blocks=1045726501_376896959_0_0_0&matching_block_id=1045726501_376896959_0_0_0&sr_pri_blocks=1045726501_376896959_0_0_0__31567&from=searchresults,9.0,"Appartement 2 Chambres
Appartement entier • 2 chambres • 1 salon • 1 salle de bains • 66 m²
3 lits (1 lit simple, 2 lits doubles)",42.522219699923,3.075968691081
28,Collioure,Hôtel des Templiers,https://www.booking.com/hotel/fr/ha-tel-des-templiers.fr.html?aid=304142&label=gen173nr-10CAQoggJCEHNlYXJjaF9jb2xsaW91cmVIDVgEaE2IAQGYATO4ARfIAQzYAQPoAQH4AQGIAgGoAgG4AsqWjdUGwAIB0gIkOGU3NTRiZDctZTIwZS00NGU0LWFkYzQtNTNiOGI4YTg0NTVl2AIB4AIB&ucfs=1&arphpl=1&checkin=2026-10-15&checkout=2026-10-17&group_adults=2&req_adults=2&no_rooms=1&group_children=0&req_children=0&hpos=18&hapos=18&sr_order=popularity&srpvid=6a6f036592fe00be&srepoch=1789086561&all_sr_blocks=38860402_385058543_0_0_0&highlighted_blocks=38860402_385058543_0_0_0&matching_block_id=38860402_385058543_0_0_0&sr_pri_blocks=38860402_385058543_0_0_0__20748&from=searchresults,8.5,"Chambre Double Standard avec Douche
1 lit double
Annulation gratuite
Plus que 2 disponibles à ce tarif",42.52666545948847,3.0839408934116364
28,Collioure,Résidence St Vincent,https://www.booking.com/hotel/fr/residence-saint-vincent.fr.html?aid=304142&label=gen173nr-10CAQoggJCEHNlYXJjaF9jb2xsaW91cmVIDVgEaE2IAQGYATO4ARfIAQzYAQPoAQH4AQGIAgGoAgG4AsqWjdUGwAIB0gIkOGU3NTRiZDctZTIwZS00NGU0LWFkYzQtNTNiOGI4YTg0NTVl2AIB4AIB&ucfs=1&arphpl=1&checkin=2026-10-15&checkout=2026-10-17&group_adults=2&req_adults=2&no_rooms=1&group_children=0&req_children=0&hpos=19&hapos=19&sr_order=popularity&srpvid=6a6f036592fe00be&srepoch=1789086561&all_sr_blocks=197675104_386856031_2_0_0&highlighted_blocks=197675104_386856031_2_0_0&matching_block_id=197675104_386856031_2_0_0&sr_pri_blocks=197675104_386856031_2_0_0__17467&from=searchresults,8.2,"Studio 1er Étage
Studio entier • 1 cuisine • 25 m²
1 canapé-lit
Plus que 1 disponible à ce tarif",42.527300950061466,3.0842326802181788
28,Collioure,41 Les Imperiales,https://www.booking.com/hotel/fr/les-imperiales.fr.html?aid=304142&label=gen173nr-10CAQoggJCEHNlYXJjaF9jb2xsaW91cmVIDVgEaE2IAQGYATO4ARfIAQzYAQPoAQH4AQGIAgGoAgG4AsqWjdUGwAIB0gIkOGU3NTRiZDctZTIwZS00NGU0LWFkYzQtNTNiOGI4YTg0NTVl2AIB4AIB&ucfs=1&arphpl=1&checkin=2026-10-15&checkout=2026-10-17&group_adults=2&req_adults=2&no_rooms=1&group_children=0&req_children=0&hpos=20&hapos=20&sr_order=popularity&srpvid=6a6f036592fe00be&srepoch=1789086561&all_sr_blocks=238870601_246407448_4_0_0&highlighted_blocks=238870601_246407448_4_0_0&matching_block_id=238870601_246407448_4_0_0&sr_pri_blocks=238870601_246407448_4_0_0__31120&from=searchresults,8.9,"Maison 2 Chambres
Maison de vacances entière • 2 chambres • 1 salon • 1 salle de bains • 1 cuisine • 60 m²
4 lits (2 lits simples, 1 lit double, 1 canapé-lit)
Annulation gratuite",42.5227806768165,3.09300944209099
25,Nimes,hotelF1 Nîmes Ouest,https://www.booking.com/hotel/fr/hotelf1-nimes-ouest.fr.html?aid=304142&label=gen173nr-10CAQoggJCDHNlYXJjaF9uaW1lc0gNWARoTYgBAZgBM7gBF8gBDNgBA-gBAfgBAYgCAagCAbgC2ZaN1QbAAgHSAiQyOGFlMjcxZC04NmRmLTRkNmUtYmZhOS1jNTVhMzAxNjVjNjTYAgHgAgE&ucfs=1&arphpl=1&checkin=2026-10-15&checkout=2026-10-17&group_adults=2&req_adults=2&no_rooms=1&group_children=0&req_children=0&hpos=1&hapos=1&sr_order=popularity&srpvid=67d4036cfd5001f2&srepoch=1789086578&all_sr_blocks=65783705_94499562_2_2_0&highlighted_blocks=65783705_94499562_2_2_0&matching_block_id=65783705_94499562_2_2_0&sr_pri_blocks=65783705_94499562_2_2_0__7320&from=searchresults,7.2,"Chambre Double Side-Car
2 lits simples",43.815334,4.34405200000003
25,Nimes,ibis budget Nimes Centre Gare,https://www.booking.com/hotel/fr/ibis-budget-nimes-centre-gare.fr.html?aid=304142&label=gen173nr-10CAQoggJCDHNlYXJjaF9uaW1lc0gNWARoTYgBAZgBM7gBF8gBDNgBA-gBAfgBAYgCAagCAbgC2ZaN1QbAAgHSAiQyOGFlMjcxZC04NmRmLTRkNmUtYmZhOS1jNTVhMzAxNjVjNjTYAgHgAgE&ucfs=1&arphpl=1&checkin=2026-10-15&checkout=2026-10-17&group_adults=2&req_adults=2&no_rooms=1&group_children=0&req_children=0&hpos=2&hapos=2&sr_order=popularity&srpvid=67d4036cfd5001f2&srepoch=1789086578&all_sr_blocks=42377505_94462575_3_42_0&highlighted_blocks=42377505_94462575_3_42_0&matching_block_id=42377505_94462575_3_42_0&sr_pri_blocks=42377505_94462575_3_42_0__12491&from=searchresults,8.2,"Chambre Triple
2 lits (1 lit simple, 1 lit double)",43.832055902146784,4.3673644959926605
25,Nimes,Appart'hôtel Odalys City - Nîmes Arènes - Palais des Congrès,https://www.booking.com/hotel/fr/odalys-city-nimes-arenes.fr.html?aid=304142&label=gen173nr-10CAQoggJCDHNlYXJjaF9uaW1lc0gNWARoTYgBAZgBM7gBF8gBDNgBA-gBAfgBAYgCAagCAbgC2ZaN1QbAAgHSAiQyOGFlMjcxZC04NmRmLTRkNmUtYmZhOS1jNTVhMzAxNjVjNjTYAgHgAgE&ucfs=1&arphpl=1&checkin=2026-10-15&checkout=2026-10-17&group_adults=2&req_adults=2&no_rooms=1&group_children=0&req_children=0&hpos=3&hapos=3&sr_order=popularity&srpvid=67d4036cfd5001f2&srepoch=1789086578&all_sr_blocks=1102677401_0_2_0_0&highlighted_blocks=1102677401_0_2_0_0&matching_block_id=1102677401_0_2_0_0&sr_pri_blocks=1102677401_0_2_0_0__12743&from=searchresults,8.6,"Studio
Studio entier • 1 salle de bains • 18 m²
Types de lits : 1 lit double ou 2 lits simples",43.834061872209,4.358990652779
25,Nimes,Novotel Atria Nimes Centre,https://www.booking.com/hotel/fr/atria-nimes-centre.fr.html?aid=304142&label=gen173nr-10CAQoggJCDHNlYXJjaF9uaW1lc0gNWARoTYgBAZgBM7gBF8gBDNgBA-gBAfgBAYgCAagCAbgC2ZaN1QbAAgHSAiQyOGFlMjcxZC04NmRmLTRkNmUtYmZhOS1jNTVhMzAxNjVjNjTYAgHgAgE&ucfs=1&arphpl=1&checkin=2026-10-15&checkout=2026-10-17&group_adults=2&req_adults=2&no_rooms=1&group_children=0&req_children=0&hpos=4&hapos=4&sr_order=popularity&srpvid=67d4036cfd5001f2&srepoch=1789086578&all_sr_blocks=5730224_94276498_2_42_0&highlighted_blocks=5730224_94276498_2_42_0&matching_block_id=5730224_94276498_2_42_0&sr_pri_blocks=5730224_94276498_2_42_0__25030&from_sustainable_property_sr=1&from=searchresults,8.5,"Chambre Double Classique
1 lit double",43.8354206497776,4.363404214382172
25,Nimes,ibis Nîmes Ouest - A9,https://www.booking.com/hotel/fr/ibis-na-r-mes-ouest.fr.html?aid=304142&label=gen173nr-10CAQoggJCDHNlYXJjaF9uaW1lc0gNWARoTYgBAZgBM7gBF8gBDNgBA-gBAfgBAYgCAagCAbgC2ZaN1QbAAgHSAiQyOGFlMjcxZC04NmRmLTRkNmUtYmZhOS1jNTVhMzAxNjVjNjTYAgHgAgE&ucfs=1&arphpl=1&checkin=2026-10-15&checkout=2026-10-17&group_adults=2&req_adults=2&no_rooms=1&group_children=0&req_children=0&hpos=5&hapos=5&sr_order=popularity&srpvid=67d4036cfd5001f2&srepoch=1789086578&all_sr_blocks=31859703_94406911_2_34_0&highlighted_blocks=31859703_94406911_2_34_0&matching_block_id=31859703_94406911_2_34_0&sr_pri_blocks=31859703_94406911_2_34_0__16420&from_sustainable_property_sr=1&from=searchresults,8.2,"Chambre Double Standard
1 grand lit double",43.81389058589602,4.34434175491333
25,Nimes,Campanile PRIME - Nîmes Centre,https://www.booking.com/hotel/fr/campanile-nimes-centre-mas-carbonnel.fr.html?aid=304142&label=gen173nr-10CAQoggJCDHNlYXJjaF9uaW1lc0gNWARoTYgBAZgBM7gBF8gBDNgBA-gBAfgBAYgCAagCAbgC2ZaN1QbAAgHSAiQyOGFlMjcxZC04NmRmLTRkNmUtYmZhOS1jNTVhMzAxNjVjNjTYAgHgAgE&ucfs=1&arphpl=1&checkin=2026-10-15&checkout=2026-10-17&group_adults=2&req_adults=2&no_rooms=1&group_children=0&req_children=0&hpos=6&hapos=6&sr_order=popularity&srpvid=67d4036cfd5001f2&srepoch=1789086578&all_sr_blocks=21937403_0_2_0_0&highlighted_blocks=21937403_0_2_0_0&matching_block_id=21937403_0_2_0_0&sr_pri_blocks=21937403_0_2_0_0__13246&from=searchresults,8.2,"Chambre Standard - 1 Lit Queen-Size
1 grand lit double
Annulation gratuite",43.82273112028273,4.364125728607178
25,Nimes,Comfort Aparthotel Nimes Centre,https://www.booking.com/hotel/fr/adagio-access-nimes.fr.html?aid=304142&label=gen173nr-10CAQoggJCDHNlYXJjaF9uaW1lc0gNWARoTYgBAZgBM7gBF8gBDNgBA-gBAfgBAYgCAagCAbgC2ZaN1QbAAgHSAiQyOGFlMjcxZC04NmRmLTRkNmUtYmZhOS1jNTVhMzAxNjVjNjTYAgHgAgE&ucfs=1&arphpl=1&checkin=2026-10-15&checkout=2026-10-17&group_adults=2&req_adults=2&no_rooms=1&group_children=0&req_children=0&hpos=7&hapos=7&sr_order=popularity&srpvid=67d4036cfd5001f2&srepoch=1789086578&all_sr_blocks=18192016_0_2_0_0&highlighted_blocks=18192016_0_2_0_0&matching_block_id=18192016_0_2_0_0&sr_pri_blocks=18192016_0_2_0_0__12525&from_sustainable_property_sr=1&from=searchresults,8.0,"Studio Double
Studio entier • 19 m²
1 lit double",43.83249328044521,4.367856681346893
25,Nimes,B&B HOTEL Nîmes Centre Arènes,https://www.booking.com/hotel/fr/b-amp-b-nimes-centre-ville.fr.html?aid=304142&label=gen173nr-10CAQoggJCDHNlYXJjaF9uaW1lc0gNWARoTYgBAZgBM7gBF8gBDNgBA-gBAfgBAYgCAagCAbgC2ZaN1QbAAgHSAiQyOGFlMjcxZC04NmRmLTRkNmUtYmZhOS1jNTVhMzAxNjVjNjTYAgHgAgE&ucfs=1&arphpl=1&checkin=2026-10-15&checkout=2026-10-17&group_adults=2&req_adults=2&no_rooms=1&group_children=0&req_children=0&hpos=8&hapos=8&sr_order=popularity&srpvid=67d4036cfd5001f2&srepoch=1789086578&all_sr_blocks=105607801_326756356_2_2_0&highlighted_blocks=105607801_326756356_2_2_0&matching_block_id=105607801_326756356_2_2_0&sr_pri_blocks=105607801_326756356_2_2_0__13462&from_sustainable_property_sr=1&from=searchresults,8.3,"Chambre Lits Jumeaux Supérieure - Vue sur Ville
2 lits simples",43.8281614,4.354790200000025
25,Nimes,Hôtel Concorde - Centre ville de Nimes,https://www.booking.com/hotel/fr/concorde-nimes.fr.html?aid=304142&label=gen173nr-10CAQoggJCDHNlYXJjaF9uaW1lc0gNWARoTYgBAZgBM7gBF8gBDNgBA-gBAfgBAYgCAagCAbgC2ZaN1QbAAgHSAiQyOGFlMjcxZC04NmRmLTRkNmUtYmZhOS1jNTVhMzAxNjVjNjTYAgHgAgE&ucfs=1&arphpl=1&checkin=2026-10-15&checkout=2026-10-17&group_adults=2&req_adults=2&no_rooms=1&group_children=0&req_children=0&hpos=9&hapos=9&sr_order=popularity&srpvid=67d4036cfd5001f2&srepoch=1789086578&all_sr_blocks=66758702_107305412_2_2_0&highlighted_blocks=66758702_107305412_2_2_0&matching_block_id=66758702_107305412_2_2_0&sr_pri_blocks=66758702_107305412_2_2_0__9364&from=searchresults,6.6,"Chambre Double Économique avec Toilettes Communes
1 lit double
Annulation gratuite
Aucun prépaiement requis – Payez sur place
Plus que 1 disponible à ce tarif",43.836128154772155,4.361269945351637
25,Nimes,Appart'City Collection Nîmes Arènes,https://www.booking.com/hotel/fr/appart-39-city-nimes.fr.html?aid=304142&label=gen173nr-10CAQoggJCDHNlYXJjaF9uaW1lc0gNWARoTYgBAZgBM7gBF8gBDNgBA-gBAfgBAYgCAagCAbgC2ZaN1QbAAgHSAiQyOGFlMjcxZC04NmRmLTRkNmUtYmZhOS1jNTVhMzAxNjVjNjTYAgHgAgE&ucfs=1&arphpl=1&checkin=2026-10-15&checkout=2026-10-17&group_adults=2&req_adults=2&no_rooms=1&group_children=0&req_children=0&hpos=10&hapos=10&sr_order=popularity&srpvid=67d4036cfd5001f2&srepoch=1789086578&all_sr_blocks=152302402_91956218_0_2_0_1478409&highlighted_blocks=152302402_91956218_0_2_0_1478409&matching_block_id=152302402_91956218_0_2_0_1478409&sr_pri_blocks=152302402_91956218_0_2_0_1478409_23880&from_sustainable_property_sr=1&from=searchresults,8.9,"Studio Lits Jumeaux
Studio entier • 1 salle de bains • 22 m²
2 lits simples",43.8338735348897,4.361433959524561
25,Nimes,B&B HOTEL Nîmes Ville Active 3 étoiles,https://www.booking.com/hotel/fr/b-amp-b-nimes-villes-active.fr.html?aid=304142&label=gen173nr-10CAQoggJCDHNlYXJjaF9uaW1lc0gNWARoTYgBAZgBM7gBF8gBDNgBA-gBAfgBAYgCAagCAbgC2ZaN1QbAAgHSAiQyOGFlMjcxZC04NmRmLTRkNmUtYmZhOS1jNTVhMzAxNjVjNjTYAgHgAgE&ucfs=1&arphpl=1&checkin=2026-10-15&checkout=2026-10-17&group_adults=2&req_adults=2&no_rooms=1&group_children=0&req_children=0&hpos=11&hapos=11&sr_order=popularity&srpvid=67d4036cfd5001f2&srepoch=1789086578&all_sr_blocks=112846203_88552424_0_2_0&highlighted_blocks=112846203_88552424_0_2_0&matching_block_id=112846203_88552424_0_2_0&sr_pri_blocks=112846203_88552424_0_2_0__13660&from=searchresults,7.7,"Chambre Lits Jumeaux
2 lits simples",43.8157834,4.346312699999999
25,Nimes,Chambre indépendante avec terrasse privée et piscine,https://www.booking.com/hotel/fr/chambre-independante-piscine-et-terrasse-privative.fr.html?aid=304142&label=gen173nr-10CAQoggJCDHNlYXJjaF9uaW1lc0gNWARoTYgBAZgBM7gBF8gBDNgBA-gBAfgBAYgCAagCAbgC2ZaN1QbAAgHSAiQyOGFlMjcxZC04NmRmLTRkNmUtYmZhOS1jNTVhMzAxNjVjNjTYAgHgAgE&ucfs=1&arphpl=1&checkin=2026-10-15&checkout=2026-10-17&group_adults=2&req_adults=2&no_rooms=1&group_children=0&req_children=0&hpos=12&hapos=12&sr_order=popularity&srpvid=67d4036cfd5001f2&srepoch=1789086578&all_sr_blocks=762211001_333342555_2_2_0&highlighted_blocks=762211001_333342555_2_2_0&matching_block_id=762211001_333342555_2_2_0&sr_pri_blocks=762211001_333342555_2_2_0__16566&from=searchresults,9.2,"Chambre Double - Vue sur Jardin
1 grand lit double
Plus que 1 disponible à ce tarif",43.851281900000004,4.3255809
25,Nimes,Logis Hotel NIMOTEL,https://www.booking.com/hotel/fr/nimotel.fr.html?aid=304142&label=gen173nr-10CAQoggJCDHNlYXJjaF9uaW1lc0gNWARoTYgBAZgBM7gBF8gBDNgBA-gBAfgBAYgCAagCAbgC2ZaN1QbAAgHSAiQyOGFlMjcxZC04NmRmLTRkNmUtYmZhOS1jNTVhMzAxNjVjNjTYAgHgAgE&ucfs=1&arphpl=1&checkin=2026-10-15&checkout=2026-10-17&group_adults=2&req_adults=2&no_rooms=1&group_children=0&req_children=0&hpos=13&hapos=13&sr_order=popularity&srpvid=67d4036cfd5001f2&srepoch=1789086578&all_sr_blocks=5163603_88552399_2_2_0&highlighted_blocks=5163603_88552399_2_2_0&matching_block_id=5163603_88552399_2_2_0&sr_pri_blocks=5163603_88552399_2_2_0__14260&from_sustainable_property_sr=1&from=searchresults,7.7,"Chambre Double ou Lits Jumeaux Standard
Types de lits : 1 lit double ou 2 lits simples
Plus que 2 disponibles à ce tarif",43.815576349205195,4.346603527665138
25,Nimes,SQUARE HOTEL,https://www.booking.com/hotel/fr/square-nimes.fr.html?aid=304142&label=gen173nr-10CAQoggJCDHNlYXJjaF9uaW1lc0gNWARoTYgBAZgBM7gBF8gBDNgBA-gBAfgBAYgCAagCAbgC2ZaN1QbAAgHSAiQyOGFlMjcxZC04NmRmLTRkNmUtYmZhOS1jNTVhMzAxNjVjNjTYAgHgAgE&ucfs=1&arphpl=1&checkin=2026-10-15&checkout=2026-10-17&group_adults=2&req_adults=2&no_rooms=1&group_children=0&req_children=0&hpos=14&hapos=14&sr_order=popularity&srpvid=67d4036cfd5001f2&srepoch=1789086578&all_sr_blocks=898238110_375656590_2_2_0&highlighted_blocks=898238110_375656590_2_2_0&matching_block_id=898238110_375656590_2_2_0&sr_pri_blocks=898238110_375656590_2_2_0__17660&from=searchresults,8.6,"Chambre Double Standard
1 grand lit double
Annulation gratuite
Aucun prépaiement requis – Payez sur place
Plus que 1 disponible à ce tarif",43.837032,4.363037
25,Nimes,Royal Hôtel,https://www.booking.com/hotel/fr/royal.fr.html?aid=304142&label=gen173nr-10CAQoggJCDHNlYXJjaF9uaW1lc0gNWARoTYgBAZgBM7gBF8gBDNgBA-gBAfgBAYgCAagCAbgC2ZaN1QbAAgHSAiQyOGFlMjcxZC04NmRmLTRkNmUtYmZhOS1jNTVhMzAxNjVjNjTYAgHgAgE&ucfs=1&arphpl=1&checkin=2026-10-15&checkout=2026-10-17&group_adults=2&req_adults=2&no_rooms=1&group_children=0&req_children=0&hpos=15&hapos=15&sr_order=popularity&srpvid=67d4036cfd5001f2&srepoch=1789086578&all_sr_blocks=5929810_93404608_2_42_0&highlighted_blocks=5929810_93404608_2_42_0&matching_block_id=5929810_93404608_2_42_0&sr_pri_blocks=5929810_93404608_2_42_0__18220&from=searchresults,8.3,"Chambre Double Standard
Types de lits : 1 lit double ou 2 lits simples",43.83881509620307,4.3548184633255005
25,Nimes,"The Originals City, Hôtel Nîmes Costières",https://www.booking.com/hotel/fr/hotel-nimes-costieres.fr.html?aid=304142&label=gen173nr-10CAQoggJCDHNlYXJjaF9uaW1lc0gNWARoTYgBAZgBM7gBF8gBDNgBA-gBAfgBAYgCAagCAbgC2ZaN1QbAAgHSAiQyOGFlMjcxZC04NmRmLTRkNmUtYmZhOS1jNTVhMzAxNjVjNjTYAgHgAgE&ucfs=1&arphpl=1&checkin=2026-10-15&checkout=2026-10-17&group_adults=2&req_adults=2&no_rooms=1&group_children=0&req_children=0&hpos=16&hapos=16&sr_order=popularity&srpvid=67d4036cfd5001f2&srepoch=1789086578&all_sr_blocks=5149502_224508373_0_42_0&highlighted_blocks=5149502_224508373_0_42_0&matching_block_id=5149502_224508373_0_42_0&sr_pri_blocks=5149502_224508373_0_42_0__12160&from=searchresults,7.0,"Chambre Double
1 lit double
Annulation gratuite
Aucun prépaiement requis – Payez sur place",43.81465315292002,4.344309568405151
25,Nimes,Brit Hotel Confort Nîmes Ouest - A9 sortie 25,https://www.booking.com/hotel/fr/kyriad-na-r-mes-ouest.fr.html?aid=304142&label=gen173nr-10CAQoggJCDHNlYXJjaF9uaW1lc0gNWARoTYgBAZgBM7gBF8gBDNgBA-gBAfgBAYgCAagCAbgC2ZaN1QbAAgHSAiQyOGFlMjcxZC04NmRmLTRkNmUtYmZhOS1jNTVhMzAxNjVjNjTYAgHgAgE&ucfs=1&arphpl=1&checkin=2026-10-15&checkout=2026-10-17&group_adults=2&req_adults=2&no_rooms=1&group_children=0&req_children=0&hpos=17&hapos=17&sr_order=popularity&srpvid=67d4036cfd5001f2&srepoch=1789086578&all_sr_blocks=33686514_375096444_2_2_0&highlighted_blocks=33686514_375096444_2_2_0&matching_block_id=33686514_375096444_2_2_0&sr_pri_blocks=33686514_375096444_2_2_0__13332&from=searchresults,7.7,"1 Lit Double
1 lit double",43.81470734512981,4.344832599163055
25,Nimes,Appart'City Classic Nîmes Centre,https://www.booking.com/hotel/fr/appart-city-nimes.fr.html?aid=304142&label=gen173nr-10CAQoggJCDHNlYXJjaF9uaW1lc0gNWARoTYgBAZgBM7gBF8gBDNgBA-gBAfgBAYgCAagCAbgC2ZaN1QbAAgHSAiQyOGFlMjcxZC04NmRmLTRkNmUtYmZhOS1jNTVhMzAxNjVjNjTYAgHgAgE&ucfs=1&arphpl=1&checkin=2026-10-15&checkout=2026-10-17&group_adults=2&req_adults=2&no_rooms=1&group_children=0&req_children=0&hpos=18&hapos=18&sr_order=popularity&srpvid=67d4036cfd5001f2&srepoch=1789086578&all_sr_blocks=17609504_91464886_2_2_0&highlighted_blocks=17609504_91464886_2_2_0&matching_block_id=17609504_91464886_2_2_0&sr_pri_blocks=17609504_91464886_2_2_0__13960&from_sustainable_property_sr=1&from=searchresults,8.0,"Studio Lits Jumeaux
Studio entier • 1 salle de bains • 1 cuisine • 18 m²
2 lits simples",43.821585485623,4.364597797393799
25,Nimes,Maison Albar Hotels L’Imperator,https://www.booking.com/hotel/fr/imperator-nimes.fr.html?aid=304142&label=gen173nr-10CAQoggJCDHNlYXJjaF9uaW1lc0gNWARoTYgBAZgBM7gBF8gBDNgBA-gBAfgBAYgCAagCAbgC2ZaN1QbAAgHSAiQyOGFlMjcxZC04NmRmLTRkNmUtYmZhOS1jNTVhMzAxNjVjNjTYAgHgAgE&ucfs=1&arphpl=1&checkin=2026-10-15&checkout=2026-10-17&group_adults=2&req_adults=2&no_rooms=1&group_children=0&req_children=0&hpos=19&hapos=19&sr_order=popularity&srpvid=67d4036cfd5001f2&srepoch=1789086578&all_sr_blocks=25163001_141784868_0_34_0&highlighted_blocks=25163001_141784868_0_34_0&matching_block_id=25163001_141784868_0_34_0&sr_pri_blocks=25163001_141784868_0_34_0__44330&from=searchresults,9.1,"Chambre Double Supérieure
Plusieurs types de lits
Plus que 3 disponibles à ce tarif",43.83866612768399,4.352767914533615
25,Nimes,HÔTEL C SUITES chambres spacieuses,https://www.booking.com/hotel/fr/c-suites.fr.html?aid=304142&label=gen173nr-10CAQoggJCDHNlYXJjaF9uaW1lc0gNWARoTYgBAZgBM7gBF8gBDNgBA-gBAfgBAYgCAagCAbgC2ZaN1QbAAgHSAiQyOGFlMjcxZC04NmRmLTRkNmUtYmZhOS1jNTVhMzAxNjVjNjTYAgHgAgE&ucfs=1&arphpl=1&checkin=2026-10-15&checkout=2026-10-17&group_adults=2&req_adults=2&no_rooms=1&group_children=0&req_children=0&hpos=20&hapos=20&sr_order=popularity&srpvid=67d4036cfd5001f2&srepoch=1789086578&all_sr_blocks=109601001_88552427_2_2_0&highlighted_blocks=109601001_88552427_2_2_0&matching_block_id=109601001_88552427_2_2_0&sr_pri_blocks=109601001_88552427_2_2_0__18480&from=searchresults,7.7,"Chambre Double ou Lits Jumeaux Supérieure
Types de lits : 1 lit double ou 2 lits simples
Plus que 3 disponibles à ce tarif",43.815377,4.345905
29,Carcassonne,3-Bedroom House with Garden Near the Cité de Carcassonne,https://www.booking.com/hotel/fr/3-bedroom-house-with-garden-near-the-cite-de-carcassonne.fr.html?aid=304142&label=gen173nr-10CAQoggJCEnNlYXJjaF9jYXJjYXNzb25uZUgNWARoTYgBAZgBM7gBF8gBDNgBA-gBAfgBAYgCAagCAbgC6paN1QbAAgHSAiQwMDU5MzhhZC1mNTNlLTQ3YmEtYTIyOS1hODk0NjE0Y2YwM2TYAgHgAgE&ucfs=1&arphpl=1&checkin=2026-10-15&checkout=2026-10-17&group_adults=2&req_adults=2&no_rooms=1&group_children=0&req_children=0&hpos=1&hapos=1&sr_order=popularity&srpvid=66aa0375b1dd0095&srepoch=1789086594&all_sr_blocks=1716600201_443349335_2_0_0&highlighted_blocks=1716600201_443349335_2_0_0&matching_block_id=1716600201_443349335_2_0_0&sr_pri_blocks=1716600201_443349335_2_0_0__22579&from=searchresults,,"Maison de Ville 3 Chambres
Maison de vacances entière • 3 chambres • 1 salon • 1 salle de bains • 1 cuisine • 70 m²
4 lits (1 lit double, 1 lit superposé, 1 canapé-lit, 1 grand lit double)",43.20983856211645,2.3742766936279347
29,Carcassonne,Tribe Carcassonne,https://www.booking.com/hotel/fr/des-trois-couronnes.fr.html?aid=304142&label=gen173nr-10CAQoggJCEnNlYXJjaF9jYXJjYXNzb25uZUgNWARoTYgBAZgBM7gBF8gBDNgBA-gBAfgBAYgCAagCAbgC6paN1QbAAgHSAiQwMDU5MzhhZC1mNTNlLTQ3YmEtYTIyOS1hODk0NjE0Y2YwM2TYAgHgAgE&ucfs=1&arphpl=1&checkin=2026-10-15&checkout=2026-10-17&group_adults=2&req_adults=2&no_rooms=1&group_children=0&req_children=0&hpos=2&hapos=2&sr_order=popularity&srpvid=66aa0375b1dd0095&srepoch=1789086594&all_sr_blocks=5341014_88558183_2_2_0&highlighted_blocks=5341014_88558183_2_2_0&matching_block_id=5341014_88558183_2_2_0&sr_pri_blocks=5341014_88558183_2_2_0__28075&from_sustainable_property_sr=1&from=searchresults,8.1,"Chambre Lits Jumeaux Standard Tribe - Vue sur Cour
2 lits simples",43.2103057323667,2.3577556014060974
29,Carcassonne,Premiere Classe Carcassonne,https://www.booking.com/hotel/fr/premiere-classe-carcassonne.fr.html?aid=304142&label=gen173nr-10CAQoggJCEnNlYXJjaF9jYXJjYXNzb25uZUgNWARoTYgBAZgBM7gBF8gBDNgBA-gBAfgBAYgCAagCAbgC6paN1QbAAgHSAiQwMDU5MzhhZC1mNTNlLTQ3YmEtYTIyOS1hODk0NjE0Y2YwM2TYAgHgAgE&ucfs=1&arphpl=1&checkin=2026-10-15&checkout=2026-10-17&group_adults=2&req_adults=2&no_rooms=1&group_children=0&req_children=0&hpos=3&hapos=3&sr_order=popularity&srpvid=66aa0375b1dd0095&srepoch=1789086594&all_sr_blocks=5370303_94105803_3_2_0&highlighted_blocks=5370303_94105803_3_2_0&matching_block_id=5370303_94105803_3_2_0&sr_pri_blocks=5370303_94105803_3_2_0__9402&from=searchresults,7.2,"Chambre Triple
3 lits simples",43.20661669443973,2.3127923905849457
29,Carcassonne,45BB,https://www.booking.com/hotel/fr/45bb.fr.html?aid=304142&label=gen173nr-10CAQoggJCEnNlYXJjaF9jYXJjYXNzb25uZUgNWARoTYgBAZgBM7gBF8gBDNgBA-gBAfgBAYgCAagCAbgC6paN1QbAAgHSAiQwMDU5MzhhZC1mNTNlLTQ3YmEtYTIyOS1hODk0NjE0Y2YwM2TYAgHgAgE&ucfs=1&arphpl=1&checkin=2026-10-15&checkout=2026-10-17&group_adults=2&req_adults=2&no_rooms=1&group_children=0&req_children=0&hpos=4&hapos=4&sr_order=popularity&srpvid=66aa0375b1dd0095&srepoch=1789086594&all_sr_blocks=462927003_410410084_2_1_0&highlighted_blocks=462927003_410410084_2_1_0&matching_block_id=462927003_410410084_2_1_0&sr_pri_blocks=462927003_410410084_2_1_0__22500&from=searchresults,9.7,"Chambre Double de Luxe
1 grand lit double
Petit-déjeuner compris
Annulation gratuite
Plus que 1 disponible à ce tarif",43.210256,2.350132
29,Carcassonne,Hotel du Roi & Spa by SOWELL COLLECTION,https://www.booking.com/hotel/fr/soleilvacances-du-roi.fr.html?aid=304142&label=gen173nr-10CAQoggJCEnNlYXJjaF9jYXJjYXNzb25uZUgNWARoTYgBAZgBM7gBF8gBDNgBA-gBAfgBAYgCAagCAbgC6paN1QbAAgHSAiQwMDU5MzhhZC1mNTNlLTQ3YmEtYTIyOS1hODk0NjE0Y2YwM2TYAgHgAgE&ucfs=1&arphpl=1&checkin=2026-10-15&checkout=2026-10-17&group_adults=2&req_adults=2&no_rooms=1&group_children=0&req_children=0&hpos=5&hapos=5&sr_order=popularity&srpvid=66aa0375b1dd0095&srepoch=1789086594&all_sr_blocks=292257925_109332970_2_34_0&highlighted_blocks=292257925_109332970_2_34_0&matching_block_id=292257925_109332970_2_34_0&sr_pri_blocks=292257925_109332970_2_34_0__21988&from=searchresults,8.3,"Chambre Lits Jumeaux Standard
2 lits simples
Plus que 6 disponibles à ce tarif",43.21085,2.357769
29,Carcassonne,ibis Styles Carcassonne La Cité,https://www.booking.com/hotel/fr/inter-les-oliviers.fr.html?aid=304142&label=gen173nr-10CAQoggJCEnNlYXJjaF9jYXJjYXNzb25uZUgNWARoTYgBAZgBM7gBF8gBDNgBA-gBAfgBAYgCAagCAbgC6paN1QbAAgHSAiQwMDU5MzhhZC1mNTNlLTQ3YmEtYTIyOS1hODk0NjE0Y2YwM2TYAgHgAgE&ucfs=1&arphpl=1&checkin=2026-10-15&checkout=2026-10-17&group_adults=2&req_adults=2&no_rooms=1&group_children=0&req_children=0&hpos=6&hapos=6&sr_order=popularity&srpvid=66aa0375b1dd0095&srepoch=1789086594&all_sr_blocks=5518322_92136155_2_33_0&highlighted_blocks=5518322_92136155_2_33_0&matching_block_id=5518322_92136155_2_33_0&sr_pri_blocks=5518322_92136155_2_33_0__21140&from_sustainable_property_sr=1&from=searchresults,8.6,"Chambre Lits Jumeaux Standard
2 lits simples
Petit-déjeuner compris",43.20758442867867,2.3727142810821533
29,Carcassonne,GOOD KNIGHT,https://www.booking.com/hotel/fr/good-knight.fr.html?aid=304142&label=gen173nr-10CAQoggJCEnNlYXJjaF9jYXJjYXNzb25uZUgNWARoTYgBAZgBM7gBF8gBDNgBA-gBAfgBAYgCAagCAbgC6paN1QbAAgHSAiQwMDU5MzhhZC1mNTNlLTQ3YmEtYTIyOS1hODk0NjE0Y2YwM2TYAgHgAgE&ucfs=1&arphpl=1&checkin=2026-10-15&checkout=2026-10-17&group_adults=2&req_adults=2&no_rooms=1&group_children=0&req_children=0&hpos=7&hapos=7&sr_order=popularity&srpvid=66aa0375b1dd0095&srepoch=1789086594&all_sr_blocks=518605901_422802510_2_2_0&highlighted_blocks=518605901_422802510_2_2_0&matching_block_id=518605901_422802510_2_2_0&sr_pri_blocks=518605901_422802510_2_2_0__25400&from=searchresults,8.8,"Chambre Double - Vue sur Château
1 grand lit double
Annulation gratuite
Plus que 3 disponibles à ce tarif",43.207746,2.366914
29,Carcassonne,Le Bastide Cosy,https://www.booking.com/hotel/fr/appartement-lumineux-en-centre-ville-carcassonne.fr.html?aid=304142&label=gen173nr-10CAQoggJCEnNlYXJjaF9jYXJjYXNzb25uZUgNWARoTYgBAZgBM7gBF8gBDNgBA-gBAfgBAYgCAagCAbgC6paN1QbAAgHSAiQwMDU5MzhhZC1mNTNlLTQ3YmEtYTIyOS1hODk0NjE0Y2YwM2TYAgHgAgE&ucfs=1&arphpl=1&checkin=2026-10-15&checkout=2026-10-17&group_adults=2&req_adults=2&no_rooms=1&group_children=0&req_children=0&hpos=8&hapos=8&sr_order=popularity&srpvid=66aa0375b1dd0095&srepoch=1789086594&all_sr_blocks=876507401_356610655_2_0_0&highlighted_blocks=876507401_356610655_2_0_0&matching_block_id=876507401_356610655_2_0_0&sr_pri_blocks=876507401_356610655_2_0_0__12589&from=searchresults,9.1,"Appartement 1 Chambre
Appartement entier • 1 chambre • 1 salle de bains • 1 cuisine • 58 m²
1 lit double
Annulation gratuite",43.2122512,2.3496645
29,Carcassonne,ibis budget Carcassonne La Cité,https://www.booking.com/hotel/fr/ibis-budget-carcassonne-la-cite.fr.html?aid=304142&label=gen173nr-10CAQoggJCEnNlYXJjaF9jYXJjYXNzb25uZUgNWARoTYgBAZgBM7gBF8gBDNgBA-gBAfgBAYgCAagCAbgC6paN1QbAAgHSAiQwMDU5MzhhZC1mNTNlLTQ3YmEtYTIyOS1hODk0NjE0Y2YwM2TYAgHgAgE&ucfs=1&arphpl=1&checkin=2026-10-15&checkout=2026-10-17&group_adults=2&req_adults=2&no_rooms=1&group_children=0&req_children=0&hpos=9&hapos=9&sr_order=popularity&srpvid=66aa0375b1dd0095&srepoch=1789086594&all_sr_blocks=27780108_94388311_3_2_0&highlighted_blocks=27780108_94388311_3_2_0&matching_block_id=27780108_94388311_3_2_0&sr_pri_blocks=27780108_94388311_3_2_0__10928&from_sustainable_property_sr=1&from=searchresults,7.8,"Chambre Triple avec 1 Lit Double et 1 Lit Superposé
1 lit superposé",43.20765480875172,2.3788082599639893
29,Carcassonne,Le Belvédère St Gimer,https://www.booking.com/hotel/fr/le-belvedere-st-gimer.fr.html?aid=304142&label=gen173nr-10CAQoggJCEnNlYXJjaF9jYXJjYXNzb25uZUgNWARoTYgBAZgBM7gBF8gBDNgBA-gBAfgBAYgCAagCAbgC6paN1QbAAgHSAiQwMDU5MzhhZC1mNTNlLTQ3YmEtYTIyOS1hODk0NjE0Y2YwM2TYAgHgAgE&ucfs=1&arphpl=1&checkin=2026-10-15&checkout=2026-10-17&group_adults=2&req_adults=2&no_rooms=1&group_children=0&req_children=0&hpos=10&hapos=10&sr_order=popularity&srpvid=66aa0375b1dd0095&srepoch=1789086594&all_sr_blocks=1277791001_400688509_3_0_0&highlighted_blocks=1277791001_400688509_3_0_0&matching_block_id=1277791001_400688509_3_0_0&sr_pri_blocks=1277791001_400688509_3_0_0__35610&from=searchresults,9.8,"Appartement
Appartement entier • 4 chambres • 4 salles de bains • 1 cuisine • 150 m²
4 grands lits doubles",43.2068329,2.3612926
29,Carcassonne,Campanile Carcassonne Est - La Cité,https://www.booking.com/hotel/fr/campanile-carcassonne-est-la-cite.fr.html?aid=304142&label=gen173nr-10CAQoggJCEnNlYXJjaF9jYXJjYXNzb25uZUgNWARoTYgBAZgBM7gBF8gBDNgBA-gBAfgBAYgCAagCAbgC6paN1QbAAgHSAiQwMDU5MzhhZC1mNTNlLTQ3YmEtYTIyOS1hODk0NjE0Y2YwM2TYAgHgAgE&ucfs=1&arphpl=1&checkin=2026-10-15&checkout=2026-10-17&group_adults=2&req_adults=2&no_rooms=1&group_children=0&req_children=0&hpos=11&hapos=11&sr_order=popularity&srpvid=66aa0375b1dd0095&srepoch=1789086594&all_sr_blocks=24137602_94360634_2_2_0&highlighted_blocks=24137602_94360634_2_2_0&matching_block_id=24137602_94360634_2_2_0&sr_pri_blocks=24137602_94360634_2_2_0__14840&from=searchresults,8.2,"Chambre Lits Jumeaux Standard
2 lits simples",43.2091777354415,2.3870547115802765
29,Carcassonne,La Cité Secrète,https://www.booking.com/hotel/fr/la-cite-secrete.fr.html?aid=304142&label=gen173nr-10CAQoggJCEnNlYXJjaF9jYXJjYXNzb25uZUgNWARoTYgBAZgBM7gBF8gBDNgBA-gBAfgBAYgCAagCAbgC6paN1QbAAgHSAiQwMDU5MzhhZC1mNTNlLTQ3YmEtYTIyOS1hODk0NjE0Y2YwM2TYAgHgAgE&ucfs=1&arphpl=1&checkin=2026-10-15&checkout=2026-10-17&group_adults=2&req_adults=2&no_rooms=1&group_children=0&req_children=0&hpos=12&hapos=12&sr_order=popularity&srpvid=66aa0375b1dd0095&srepoch=1789086594&all_sr_blocks=964427701_382944866_4_0_0&highlighted_blocks=964427701_382944866_4_0_0&matching_block_id=964427701_382944866_4_0_0&sr_pri_blocks=964427701_382944866_4_0_0__27702&from=searchresults,9.4,"Maison 3 Chambres
Maison de vacances entière • 3 chambres • 2 salles de bains • 1 cuisine • 100 m²
4 lits (1 canapé-lit, 3 grands lits doubles)
Annulation gratuite",43.2085327,2.3625606
29,Carcassonne,Maison de charme avec jardin,https://www.booking.com/hotel/fr/maison-de-charme-carcassonne.fr.html?aid=304142&label=gen173nr-10CAQoggJCEnNlYXJjaF9jYXJjYXNzb25uZUgNWARoTYgBAZgBM7gBF8gBDNgBA-gBAfgBAYgCAagCAbgC6paN1QbAAgHSAiQwMDU5MzhhZC1mNTNlLTQ3YmEtYTIyOS1hODk0NjE0Y2YwM2TYAgHgAgE&ucfs=1&arphpl=1&checkin=2026-10-15&checkout=2026-10-17&group_adults=2&req_adults=2&no_rooms=1&group_children=0&req_children=0&hpos=13&hapos=13&sr_order=popularity&srpvid=66aa0375b1dd0095&srepoch=1789086594&all_sr_blocks=1054107401_377598202_4_0_0&highlighted_blocks=1054107401_377598202_4_0_0&matching_block_id=1054107401_377598202_4_0_0&sr_pri_blocks=1054107401_377598202_4_0_0__19729&from=searchresults,9.6,"Appartement 2 Chambres
Appartement entier • 2 chambres • 1 salon • 1 salle de bains • 1 cuisine • 75 m²
2 lits doubles
Annulation gratuite",43.21211641090065,2.3409450214784533
29,Carcassonne,SalutBB Chambre d'hote,https://www.booking.com/hotel/fr/salut-chambre-d-hote.fr.html?aid=304142&label=gen173nr-10CAQoggJCEnNlYXJjaF9jYXJjYXNzb25uZUgNWARoTYgBAZgBM7gBF8gBDNgBA-gBAfgBAYgCAagCAbgC6paN1QbAAgHSAiQwMDU5MzhhZC1mNTNlLTQ3YmEtYTIyOS1hODk0NjE0Y2YwM2TYAgHgAgE&ucfs=1&arphpl=1&checkin=2026-10-15&checkout=2026-10-17&group_adults=2&req_adults=2&no_rooms=1&group_children=0&req_children=0&hpos=14&hapos=14&sr_order=popularity&srpvid=66aa0375b1dd0095&srepoch=1789086594&all_sr_blocks=908373003_362037476_2_1_0&highlighted_blocks=908373003_362037476_2_1_0&matching_block_id=908373003_362037476_2_1_0&sr_pri_blocks=908373003_362037476_2_1_0__25408&from=searchresults,9.7,"Chambre Lit Queen-Size
1 grand lit double
Petit-déjeuner compris
Annulation gratuite
Plus que 1 disponible à ce tarif",43.2114488,2.3462993
29,Carcassonne,ibis budget Carcassonne Aéroport - A61,https://www.booking.com/hotel/fr/etap-carcassonne-aeroport.fr.html?aid=304142&label=gen173nr-10CAQoggJCEnNlYXJjaF9jYXJjYXNzb25uZUgNWARoTYgBAZgBM7gBF8gBDNgBA-gBAfgBAYgCAagCAbgC6paN1QbAAgHSAiQwMDU5MzhhZC1mNTNlLTQ3YmEtYTIyOS1hODk0NjE0Y2YwM2TYAgHgAgE&ucfs=1&arphpl=1&checkin=2026-10-15&checkout=2026-10-17&group_adults=2&req_adults=2&no_rooms=1&group_children=0&req_children=0&hpos=15&hapos=15&sr_order=popularity&srpvid=66aa0375b1dd0095&srepoch=1789086594&all_sr_blocks=26658905_94376792_2_2_0&highlighted_blocks=26658905_94376792_2_2_0&matching_block_id=26658905_94376792_2_2_0&sr_pri_blocks=26658905_94376792_2_2_0__10176&from=searchresults,7.7,"Chambre Triple
2 lits (1 lit superposé, 1 grand lit double)
Plus que 7 disponibles à ce tarif",43.204518906702106,2.3103904724121094
29,Carcassonne,M Carca,https://www.booking.com/hotel/fr/m-carca.fr.html?aid=304142&label=gen173nr-10CAQoggJCEnNlYXJjaF9jYXJjYXNzb25uZUgNWARoTYgBAZgBM7gBF8gBDNgBA-gBAfgBAYgCAagCAbgC6paN1QbAAgHSAiQwMDU5MzhhZC1mNTNlLTQ3YmEtYTIyOS1hODk0NjE0Y2YwM2TYAgHgAgE&ucfs=1&arphpl=1&checkin=2026-10-15&checkout=2026-10-17&group_adults=2&req_adults=2&no_rooms=1&group_children=0&req_children=0&hpos=16&hapos=16&sr_order=popularity&srpvid=66aa0375b1dd0095&srepoch=1789086594&all_sr_blocks=1558494601_426962622_0_0_0&highlighted_blocks=1558494601_426962622_0_0_0&matching_block_id=1558494601_426962622_0_0_0&sr_pri_blocks=1558494601_426962622_0_0_0__43324&from=searchresults,9.6,"Maison 4 Chambres
Maison de vacances entière • 4 chambres • 1 salon • 2 salles de bains • 1 cuisine • 140 m²
5 lits (2 lits simples, 3 grands lits doubles)",43.212494408518104,2.364269205497753
29,Carcassonne,Le M37,https://www.booking.com/hotel/fr/le-m37.fr.html?aid=304142&label=gen173nr-10CAQoggJCEnNlYXJjaF9jYXJjYXNzb25uZUgNWARoTYgBAZgBM7gBF8gBDNgBA-gBAfgBAYgCAagCAbgC6paN1QbAAgHSAiQwMDU5MzhhZC1mNTNlLTQ3YmEtYTIyOS1hODk0NjE0Y2YwM2TYAgHgAgE&ucfs=1&arphpl=1&checkin=2026-10-15&checkout=2026-10-17&group_adults=2&req_adults=2&no_rooms=1&group_children=0&req_children=0&hpos=17&hapos=17&sr_order=popularity&srpvid=66aa0375b1dd0095&srepoch=1789086594&all_sr_blocks=1018783201_374330959_6_0_0&highlighted_blocks=1018783201_374330959_6_0_0&matching_block_id=1018783201_374330959_6_0_0&sr_pri_blocks=1018783201_374330959_6_0_0__28011&from=searchresults,9.2,"Maison 3 Chambres
Maison de vacances entière • 3 chambres • 2 salles de bains • 1 cuisine • 115 m²
3 grands lits doubles",43.208572088422,2.362372734467
29,Carcassonne,Le Gite Hector,https://www.booking.com/hotel/fr/le-gite-hector.fr.html?aid=304142&label=gen173nr-10CAQoggJCEnNlYXJjaF9jYXJjYXNzb25uZUgNWARoTYgBAZgBM7gBF8gBDNgBA-gBAfgBAYgCAagCAbgC6paN1QbAAgHSAiQwMDU5MzhhZC1mNTNlLTQ3YmEtYTIyOS1hODk0NjE0Y2YwM2TYAgHgAgE&ucfs=1&arphpl=1&checkin=2026-10-15&checkout=2026-10-17&group_adults=2&req_adults=2&no_rooms=1&group_children=0&req_children=0&hpos=18&hapos=18&sr_order=popularity&srpvid=66aa0375b1dd0095&srepoch=1789086594&all_sr_blocks=1425475202_414150629_6_0_0&highlighted_blocks=1425475202_414150629_6_0_0&matching_block_id=1425475202_414150629_6_0_0&sr_pri_blocks=1425475202_414150629_6_0_0__51924&from=searchresults,10.0,"Maison 3 Chambres
Maison de vacances entière • 3 chambres • 3 salles de bains • 1 cuisine
3 grands lits doubles
Annulation gratuite
Plus que 1 disponible à ce tarif",43.2101534989616,2.372892690661722
29,Carcassonne,SOWELL HOTELS Les Chevaliers,https://www.booking.com/hotel/fr/soleil-vacances-les-chevaliers.fr.html?aid=304142&label=gen173nr-10CAQoggJCEnNlYXJjaF9jYXJjYXNzb25uZUgNWARoTYgBAZgBM7gBF8gBDNgBA-gBAfgBAYgCAagCAbgC6paN1QbAAgHSAiQwMDU5MzhhZC1mNTNlLTQ3YmEtYTIyOS1hODk0NjE0Y2YwM2TYAgHgAgE&ucfs=1&arphpl=1&checkin=2026-10-15&checkout=2026-10-17&group_adults=2&req_adults=2&no_rooms=1&group_children=0&req_children=0&hpos=19&hapos=19&sr_order=popularity&srpvid=66aa0375b1dd0095&srepoch=1789086594&all_sr_blocks=291900423_109173162_0_34_0&highlighted_blocks=291900423_109173162_0_34_0&matching_block_id=291900423_109173162_0_34_0&sr_pri_blocks=291900423_109173162_0_34_0__15328&from=searchresults,8.0,"Chambre Lits Jumeaux Standard
2 lits simples
Plus que 2 disponibles à ce tarif",43.21103244477474,2.3581999522190245
29,Carcassonne,La Maison de Jean by Maison Bacou,https://www.booking.com/hotel/fr/la-maison-de-jean-by-maison-bacou.fr.html?aid=304142&label=gen173nr-10CAQoggJCEnNlYXJjaF9jYXJjYXNzb25uZUgNWARoTYgBAZgBM7gBF8gBDNgBA-gBAfgBAYgCAagCAbgC6paN1QbAAgHSAiQwMDU5MzhhZC1mNTNlLTQ3YmEtYTIyOS1hODk0NjE0Y2YwM2TYAgHgAgE&ucfs=1&arphpl=1&checkin=2026-10-15&checkout=2026-10-17&group_adults=2&req_adults=2&no_rooms=1&group_children=0&req_children=0&hpos=20&hapos=20&sr_order=popularity&srpvid=66aa0375b1dd0095&srepoch=1789086594&all_sr_blocks=983356604_370773126_2_1_0&highlighted_blocks=983356604_370773126_2_1_0&matching_block_id=983356604_370773126_2_1_0&sr_pri_blocks=983356604_370773126_2_1_0__18680&from=searchresults,8.9,"Chambre Double Supérieure
1 lit double
Petit-déjeuner compris
Annulation gratuite
Plus que 1 disponible à ce tarif",43.20854050319223,2.362670887748921
21,Marseille,MEININGER Marseille Centre la Joliette,https://www.booking.com/hotel/fr/meininger-marseille-centre-la-joliette.fr.html?aid=304142&label=gen173nr-10CAQoggJCEHNlYXJjaF9tYXJzZWlsbGVIDVgEaE2IAQGYATO4ARfIAQzYAQPoAQH4AQGIAgGoAgG4AvqWjdUGwAIB0gIkNTgwNDI1OGYtMTYwMS00YjQ0LWJhMjgtMTM1NjRlNDY4NTkx2AIB4AIB&ucfs=1&arphpl=1&checkin=2026-10-15&checkout=2026-10-17&group_adults=2&req_adults=2&no_rooms=1&group_children=0&req_children=0&hpos=1&hapos=1&sr_order=popularity&srpvid=cf23037de066027b&srepoch=1789086610&all_sr_blocks=788546602_338439626_0_2_0_495987&highlighted_blocks=788546602_338439626_0_2_0_495987&matching_block_id=788546602_338439626_0_2_0_495987&sr_pri_blocks=788546602_338439626_0_2_0_495987_20140&from=searchresults,8.4,"Chambre Lits Jumeaux Standard
2 lits simples
Plus que 3 disponibles à ce tarif",43.30574814984538,5.371058398811321
21,Marseille,ibis Styles Marseille Palais des Congrès Vélodrome,https://www.booking.com/hotel/fr/ibis-styles-marseille-palais-des-congres-velodrome.fr.html?aid=304142&label=gen173nr-10CAQoggJCEHNlYXJjaF9tYXJzZWlsbGVIDVgEaE2IAQGYATO4ARfIAQzYAQPoAQH4AQGIAgGoAgG4AvqWjdUGwAIB0gIkNTgwNDI1OGYtMTYwMS00YjQ0LWJhMjgtMTM1NjRlNDY4NTkx2AIB4AIB&ucfs=1&arphpl=1&checkin=2026-10-15&checkout=2026-10-17&group_adults=2&req_adults=2&no_rooms=1&group_children=0&req_children=0&hpos=2&hapos=2&sr_order=popularity&srpvid=cf23037de066027b&srepoch=1789086610&all_sr_blocks=5195110_102710276_2_1_0&highlighted_blocks=5195110_102710276_2_1_0&matching_block_id=5195110_102710276_2_1_0&sr_pri_blocks=5195110_102710276_2_1_0__23370&from=searchresults,8.6,"Chambre Double Standard
1 grand lit double
Petit-déjeuner compris",43.28066065110931,5.399563014507294
21,Marseille,Novotel Marseille Centre Prado Vélodrome,https://www.booking.com/hotel/fr/novotel-marseille-centre-prado.fr.html?aid=304142&label=gen173nr-10CAQoggJCEHNlYXJjaF9tYXJzZWlsbGVIDVgEaE2IAQGYATO4ARfIAQzYAQPoAQH4AQGIAgGoAgG4AvqWjdUGwAIB0gIkNTgwNDI1OGYtMTYwMS00YjQ0LWJhMjgtMTM1NjRlNDY4NTkx2AIB4AIB&ucfs=1&arphpl=1&checkin=2026-10-15&checkout=2026-10-17&group_adults=2&req_adults=2&no_rooms=1&group_children=0&req_children=0&hpos=3&hapos=3&sr_order=popularity&srpvid=cf23037de066027b&srepoch=1789086610&all_sr_blocks=5536650_376297344_2_42_0&highlighted_blocks=5536650_376297344_2_42_0&matching_block_id=5536650_376297344_2_42_0&sr_pri_blocks=5536650_376297344_2_42_0__38895&from_sustainable_property_sr=1&from=searchresults,8.0,"Chambre Lit Queen Size Supérieure
1 grand lit double
Annulation gratuite
Aucun prépaiement requis – Payez sur place
Plus que 1 disponible à ce tarif",43.28068115402996,5.387088060379028
21,Marseille,HOTEL SYLVABELLE,https://www.booking.com/hotel/fr/sylvabelle-marseille12.fr.html?aid=304142&label=gen173nr-10CAQoggJCEHNlYXJjaF9tYXJzZWlsbGVIDVgEaE2IAQGYATO4ARfIAQzYAQPoAQH4AQGIAgGoAgG4AvqWjdUGwAIB0gIkNTgwNDI1OGYtMTYwMS00YjQ0LWJhMjgtMTM1NjRlNDY4NTkx2AIB4AIB&ucfs=1&arphpl=1&checkin=2026-10-15&checkout=2026-10-17&group_adults=2&req_adults=2&no_rooms=1&group_children=0&req_children=0&hpos=4&hapos=4&sr_order=popularity&srpvid=cf23037de066027b&srepoch=1789086610&all_sr_blocks=686767101_279215203_2_0_0&highlighted_blocks=686767101_279215203_2_0_0&matching_block_id=686767101_279215203_2_0_0&sr_pri_blocks=686767101_279215203_2_0_0__19452&from=searchresults,5.1,"Chambre Double Standard
1 lit double",43.288849,5.377536
21,Marseille,Ibis Marseille Centre Prefecture,https://www.booking.com/hotel/fr/premiere-classe-marseille-centre-xml.fr.html?aid=304142&label=gen173nr-10CAQoggJCEHNlYXJjaF9tYXJzZWlsbGVIDVgEaE2IAQGYATO4ARfIAQzYAQPoAQH4AQGIAgGoAgG4AvqWjdUGwAIB0gIkNTgwNDI1OGYtMTYwMS00YjQ0LWJhMjgtMTM1NjRlNDY4NTkx2AIB4AIB&ucfs=1&arphpl=1&checkin=2026-10-15&checkout=2026-10-17&group_adults=2&req_adults=2&no_rooms=1&group_children=0&req_children=0&hpos=5&hapos=5&sr_order=popularity&srpvid=cf23037de066027b&srepoch=1789086610&all_sr_blocks=73406703_93770149_2_2_0&highlighted_blocks=73406703_93770149_2_2_0&matching_block_id=73406703_93770149_2_2_0&sr_pri_blocks=73406703_93770149_2_2_0__19599&from_sustainable_property_sr=1&from=searchresults,7.2,"Chambre Double Standard
1 lit double
Plus que 7 disponibles à ce tarif",43.291553228272214,5.381971076130867
21,Marseille,T2 Entre plage et centre ville-Terrasse/Parking,https://www.booking.com/hotel/fr/t2-entre-plage-et-centre-ville-terrasse-parking.fr.html?aid=304142&label=gen173nr-10CAQoggJCEHNlYXJjaF9tYXJzZWlsbGVIDVgEaE2IAQGYATO4ARfIAQzYAQPoAQH4AQGIAgGoAgG4AvqWjdUGwAIB0gIkNTgwNDI1OGYtMTYwMS00YjQ0LWJhMjgtMTM1NjRlNDY4NTkx2AIB4AIB&ucfs=1&arphpl=1&checkin=2026-10-15&checkout=2026-10-17&group_adults=2&req_adults=2&no_rooms=1&group_children=0&req_children=0&hpos=6&hapos=6&sr_order=popularity&srpvid=cf23037de066027b&srepoch=1789086610&all_sr_blocks=1027286001_394958635_2_0_0&highlighted_blocks=1027286001_394958635_2_0_0&matching_block_id=1027286001_394958635_2_0_0&sr_pri_blocks=1027286001_394958635_2_0_0__17680&from=searchresults,9.4,"Appartement 1 Chambre
Appartement entier • 1 chambre • 1 salon • 1 salle de bains • 1 cuisine • 50 m²
2 lits (1 canapé-lit, 1 grand lit double)
Annulation gratuite",43.3143674,5.3691335
21,Marseille,Golden Tulip Marseille Euromed,https://www.booking.com/hotel/fr/golden-tulip.fr.html?aid=304142&label=gen173nr-10CAQoggJCEHNlYXJjaF9tYXJzZWlsbGVIDVgEaE2IAQGYATO4ARfIAQzYAQPoAQH4AQGIAgGoAgG4AvqWjdUGwAIB0gIkNTgwNDI1OGYtMTYwMS00YjQ0LWJhMjgtMTM1NjRlNDY4NTkx2AIB4AIB&ucfs=1&arphpl=1&checkin=2026-10-15&checkout=2026-10-17&group_adults=2&req_adults=2&no_rooms=1&group_children=0&req_children=0&hpos=7&hapos=7&sr_order=popularity&srpvid=cf23037de066027b&srepoch=1789086610&all_sr_blocks=160507312_88898345_2_2_0&highlighted_blocks=160507312_88898345_2_2_0&matching_block_id=160507312_88898345_2_2_0&sr_pri_blocks=160507312_88898345_2_2_0__29100&from_sustainable_property_sr=1&from=searchresults,7.8,"Chambre Standard - 1 Lit King-Size
1 très grand lit double",43.309721767182005,5.367034441568762
21,Marseille,Premiere Classe Marseille La Valentine,https://www.booking.com/hotel/fr/premiere-classe-marseille-la-valentine.fr.html?aid=304142&label=gen173nr-10CAQoggJCEHNlYXJjaF9tYXJzZWlsbGVIDVgEaE2IAQGYATO4ARfIAQzYAQPoAQH4AQGIAgGoAgG4AvqWjdUGwAIB0gIkNTgwNDI1OGYtMTYwMS00YjQ0LWJhMjgtMTM1NjRlNDY4NTkx2AIB4AIB&ucfs=1&arphpl=1&checkin=2026-10-15&checkout=2026-10-17&group_adults=2&req_adults=2&no_rooms=1&group_children=0&req_children=0&hpos=8&hapos=8&sr_order=popularity&srpvid=cf23037de066027b&srepoch=1789086610&all_sr_blocks=5471702_0_2_0_0&highlighted_blocks=5471702_0_2_0_0&matching_block_id=5471702_0_2_0_0&sr_pri_blocks=5471702_0_2_0_0__6840&from=searchresults,5.7,"Chambre Double
1 lit double
Annulation gratuite",43.29832242990854,5.476697310805321
21,Marseille,Hôtel Ligo by HappyCulture,https://www.booking.com/hotel/fr/ligo-by-happyculture-marseille4.fr.html?aid=304142&label=gen173nr-10CAQoggJCEHNlYXJjaF9tYXJzZWlsbGVIDVgEaE2IAQGYATO4ARfIAQzYAQPoAQH4AQGIAgGoAgG4AvqWjdUGwAIB0gIkNTgwNDI1OGYtMTYwMS00YjQ0LWJhMjgtMTM1NjRlNDY4NTkx2AIB4AIB&ucfs=1&arphpl=1&checkin=2026-10-15&checkout=2026-10-17&group_adults=2&req_adults=2&no_rooms=1&group_children=0&req_children=0&hpos=9&hapos=9&sr_order=popularity&srpvid=cf23037de066027b&srepoch=1789086610&all_sr_blocks=1257980401_398346757_2_2_0&highlighted_blocks=1257980401_398346757_2_2_0&matching_block_id=1257980401_398346757_2_2_0&sr_pri_blocks=1257980401_398346757_2_2_0__28300&from=searchresults,8.5,"Chambre Double Standard
1 lit double
Plus que 1 disponible à ce tarif",43.301265,5.370879
21,Marseille,The People - Marseille,https://www.booking.com/hotel/fr/the-people-hostel-marseille.fr.html?aid=304142&label=gen173nr-10CAQoggJCEHNlYXJjaF9tYXJzZWlsbGVIDVgEaE2IAQGYATO4ARfIAQzYAQPoAQH4AQGIAgGoAgG4AvqWjdUGwAIB0gIkNTgwNDI1OGYtMTYwMS00YjQ0LWJhMjgtMTM1NjRlNDY4NTkx2AIB4AIB&ucfs=1&arphpl=1&checkin=2026-10-15&checkout=2026-10-17&group_adults=2&req_adults=2&no_rooms=1&group_children=0&req_children=0&hpos=10&hapos=10&sr_order=popularity&srpvid=cf23037de066027b&srepoch=1789086610&all_sr_blocks=622369909_0_2_0_0&highlighted_blocks=622369909_0_2_0_0&matching_block_id=622369909_0_2_0_0&sr_pri_blocks=622369909_0_2_0_0__17741&from_sustainable_property_sr=1&from=searchresults,8.4,"Chambre Double ou Lits Jumeaux Supérieure
1 lit double",43.301105,5.371282
21,Marseille,LaFrenchCasa Belsunce,https://www.booking.com/hotel/fr/t2-deco-mediterranee-lafrenchcasa-belsunce.fr.html?aid=304142&label=gen173nr-10CAQoggJCEHNlYXJjaF9tYXJzZWlsbGVIDVgEaE2IAQGYATO4ARfIAQzYAQPoAQH4AQGIAgGoAgG4AvqWjdUGwAIB0gIkNTgwNDI1OGYtMTYwMS00YjQ0LWJhMjgtMTM1NjRlNDY4NTkx2AIB4AIB&ucfs=1&arphpl=1&checkin=2026-10-15&checkout=2026-10-17&group_adults=2&req_adults=2&no_rooms=1&group_children=0&req_children=0&hpos=11&hapos=11&sr_order=popularity&srpvid=cf23037de066027b&srepoch=1789086610&all_sr_blocks=828026103_349099599_0_0_0&highlighted_blocks=828026103_349099599_0_0_0&matching_block_id=828026103_349099599_0_0_0&sr_pri_blocks=828026103_349099599_0_0_0__17446&from=searchresults,7.4,"Appartement Deluxe
Appartement entier • 1 chambre • 1 salon • 1 salle de bains • 1 cuisine • 28 m²
1 grand lit double
Annulation gratuite
Plus que 1 disponible à ce tarif",43.298896407937,5.378660553967
21,Marseille,Vertigo Hostel,https://www.booking.com/hotel/fr/vertigo-vieux-port-marseille.fr.html?aid=304142&label=gen173nr-10CAQoggJCEHNlYXJjaF9tYXJzZWlsbGVIDVgEaE2IAQGYATO4ARfIAQzYAQPoAQH4AQGIAgGoAgG4AvqWjdUGwAIB0gIkNTgwNDI1OGYtMTYwMS00YjQ0LWJhMjgtMTM1NjRlNDY4NTkx2AIB4AIB&ucfs=1&arphpl=1&checkin=2026-10-15&checkout=2026-10-17&group_adults=2&req_adults=2&no_rooms=1&group_children=0&req_children=0&hpos=12&hapos=12&sr_order=popularity&srpvid=cf23037de066027b&srepoch=1789086610&all_sr_blocks=27089815_352803167_0_2_0&highlighted_blocks=27089815_352803167_0_2_0&matching_block_id=27089815_352803167_0_2_0&sr_pri_blocks=27089815_352803167_0_2_0__21152&from=searchresults,7.6,"Chambre Double avec Salle de Bains Privative
Types de lits : 1 lit double ou 2 lits simples
Plus que 2 disponibles à ce tarif",43.291397377840134,5.3719362616539
21,Marseille,Ibis Budget Marseille Timone,https://www.booking.com/hotel/fr/ibis-budget-marseille-timone.fr.html?aid=304142&label=gen173nr-10CAQoggJCEHNlYXJjaF9tYXJzZWlsbGVIDVgEaE2IAQGYATO4ARfIAQzYAQPoAQH4AQGIAgGoAgG4AvqWjdUGwAIB0gIkNTgwNDI1OGYtMTYwMS00YjQ0LWJhMjgtMTM1NjRlNDY4NTkx2AIB4AIB&ucfs=1&arphpl=1&checkin=2026-10-15&checkout=2026-10-17&group_adults=2&req_adults=2&no_rooms=1&group_children=0&req_children=0&hpos=13&hapos=13&sr_order=popularity&srpvid=cf23037de066027b&srepoch=1789086610&all_sr_blocks=120277102_94584737_3_10_0&highlighted_blocks=120277102_94584737_3_10_0&matching_block_id=120277102_94584737_3_10_0&sr_pri_blocks=120277102_94584737_3_10_0__18380&from_sustainable_property_sr=1&from=searchresults,6.8,"Chambre Triple
2 lits (1 lit double, 1 lit superposé)",43.295242,5.400739
21,Marseille,Cocon 2 pièces avec grande terrasse à Vauban,https://www.booking.com/hotel/fr/cocon-2-pieces-avec-grande-terrasse-a-vauban.fr.html?aid=304142&label=gen173nr-10CAQoggJCEHNlYXJjaF9tYXJzZWlsbGVIDVgEaE2IAQGYATO4ARfIAQzYAQPoAQH4AQGIAgGoAgG4AvqWjdUGwAIB0gIkNTgwNDI1OGYtMTYwMS00YjQ0LWJhMjgtMTM1NjRlNDY4NTkx2AIB4AIB&ucfs=1&arphpl=1&checkin=2026-10-15&checkout=2026-10-17&group_adults=2&req_adults=2&no_rooms=1&group_children=0&req_children=0&hpos=14&hapos=14&sr_order=popularity&srpvid=cf23037de066027b&srepoch=1789086610&all_sr_blocks=1121515101_384931621_2_0_0_183676&highlighted_blocks=1121515101_384931621_2_0_0_183676&matching_block_id=1121515101_384931621_2_0_0_183676&sr_pri_blocks=1121515101_384931621_2_0_0_183676_27508&from=searchresults,9.6,"Appartement 1 Chambre
Appartement entier • 1 chambre • 1 salon • 1 salle de bains • 1 cuisine • 40 m²
2 lits (1 canapé-lit, 1 grand lit double)",43.285809903788,5.373769462471
21,Marseille,Appartement Vieux-Port,https://www.booking.com/hotel/fr/studio-vieux-port-marseille4.fr.html?aid=304142&label=gen173nr-10CAQoggJCEHNlYXJjaF9tYXJzZWlsbGVIDVgEaE2IAQGYATO4ARfIAQzYAQPoAQH4AQGIAgGoAgG4AvqWjdUGwAIB0gIkNTgwNDI1OGYtMTYwMS00YjQ0LWJhMjgtMTM1NjRlNDY4NTkx2AIB4AIB&ucfs=1&arphpl=1&checkin=2026-10-15&checkout=2026-10-17&group_adults=2&req_adults=2&no_rooms=1&group_children=0&req_children=0&hpos=15&hapos=15&sr_order=popularity&srpvid=cf23037de066027b&srepoch=1789086610&all_sr_blocks=1144180501_387264938_2_0_0&highlighted_blocks=1144180501_387264938_2_0_0&matching_block_id=1144180501_387264938_2_0_0&sr_pri_blocks=1144180501_387264938_2_0_0__17907&from=searchresults,8.1,"Appartement Supérieur
Appartement entier • 1 salle de bains • 1 cuisine • 25 m²
1 canapé-lit",43.2931673,5.3753686
21,Marseille,Grand Hotel Beauvau Marseille Vieux-Port - MGallery Collection,https://www.booking.com/hotel/fr/hotel-1293-grand-hotel-beauvau-marseille-vieux-port-mgallery-collection.fr.html?aid=304142&label=gen173nr-10CAQoggJCEHNlYXJjaF9tYXJzZWlsbGVIDVgEaE2IAQGYATO4ARfIAQzYAQPoAQH4AQGIAgGoAgG4AvqWjdUGwAIB0gIkNTgwNDI1OGYtMTYwMS00YjQ0LWJhMjgtMTM1NjRlNDY4NTkx2AIB4AIB&ucfs=1&arphpl=1&checkin=2026-10-15&checkout=2026-10-17&group_adults=2&req_adults=2&no_rooms=1&group_children=0&req_children=0&hpos=16&hapos=16&sr_order=popularity&srpvid=cf23037de066027b&srepoch=1789086610&all_sr_blocks=5414618_94273307_2_2_0&highlighted_blocks=5414618_94273307_2_2_0&matching_block_id=5414618_94273307_2_2_0&sr_pri_blocks=5414618_94273307_2_2_0__60279&from_sustainable_property_sr=1&from=searchresults,8.6,"Chambre Double Classique
1 lit double
Plus que 7 disponibles à ce tarif",43.29507835603476,5.375010073184967
21,Marseille,ibis Marseille Centre Gare Saint Charles,https://www.booking.com/hotel/fr/ibis-marseille-gare-saint-charles.fr.html?aid=304142&label=gen173nr-10CAQoggJCEHNlYXJjaF9tYXJzZWlsbGVIDVgEaE2IAQGYATO4ARfIAQzYAQPoAQH4AQGIAgGoAgG4AvqWjdUGwAIB0gIkNTgwNDI1OGYtMTYwMS00YjQ0LWJhMjgtMTM1NjRlNDY4NTkx2AIB4AIB&ucfs=1&arphpl=1&checkin=2026-10-15&checkout=2026-10-17&group_adults=2&req_adults=2&no_rooms=1&group_children=0&req_children=0&hpos=17&hapos=17&sr_order=popularity&srpvid=cf23037de066027b&srepoch=1789086610&all_sr_blocks=56900908_94493382_2_42_0&highlighted_blocks=56900908_94493382_2_42_0&matching_block_id=56900908_94493382_2_42_0&sr_pri_blocks=56900908_94493382_2_42_0__21472&from_sustainable_property_sr=1&from=searchresults,7.6,"Chambre Double Standard
1 lit double",43.302943517277306,5.382228344569739
21,Marseille,"Petit jaune, T2 centre ville Marseille avec balcon",https://www.booking.com/hotel/fr/le-petit-jaune-centre-ville-t2-avec-balcon.fr.html?aid=304142&label=gen173nr-10CAQoggJCEHNlYXJjaF9tYXJzZWlsbGVIDVgEaE2IAQGYATO4ARfIAQzYAQPoAQH4AQGIAgGoAgG4AvqWjdUGwAIB0gIkNTgwNDI1OGYtMTYwMS00YjQ0LWJhMjgtMTM1NjRlNDY4NTkx2AIB4AIB&ucfs=1&arphpl=1&checkin=2026-10-15&checkout=2026-10-17&group_adults=2&req_adults=2&no_rooms=1&group_children=0&req_children=0&hpos=18&hapos=18&sr_order=popularity&srpvid=cf23037de066027b&srepoch=1789086610&all_sr_blocks=1158015401_390754282_2_0_0&highlighted_blocks=1158015401_390754282_2_0_0&matching_block_id=1158015401_390754282_2_0_0&sr_pri_blocks=1158015401_390754282_2_0_0__30572&from=searchresults,8.5,"Appartement avec Balcon
Appartement entier • 1 chambre • 1 salon • 1 salle de bains • 1 cuisine • 29 m²
1 lit double
Annulation gratuite",43.2932485,5.3892517
21,Marseille,La Petite Calanque,https://www.booking.com/hotel/fr/la-petite-calanque-marseille.fr.html?aid=304142&label=gen173nr-10CAQoggJCEHNlYXJjaF9tYXJzZWlsbGVIDVgEaE2IAQGYATO4ARfIAQzYAQPoAQH4AQGIAgGoAgG4AvqWjdUGwAIB0gIkNTgwNDI1OGYtMTYwMS00YjQ0LWJhMjgtMTM1NjRlNDY4NTkx2AIB4AIB&ucfs=1&arphpl=1&checkin=2026-10-15&checkout=2026-10-17&group_adults=2&req_adults=2&no_rooms=1&group_children=0&req_children=0&hpos=19&hapos=19&sr_order=popularity&srpvid=cf23037de066027b&srepoch=1789086610&all_sr_blocks=1117835901_384668469_2_1_0&highlighted_blocks=1117835901_384668469_2_1_0&matching_block_id=1117835901_384668469_2_1_0&sr_pri_blocks=1117835901_384668469_2_1_0__25257&from=searchresults,8.2,"Grande Chambre Double
1 grand lit double
Petit-déjeuner compris
Annulation gratuite
Plus que 1 disponible à ce tarif",43.228886126945,5.35145630048
21,Marseille,Appartement cosy au cœur de Marseille,https://www.booking.com/hotel/fr/t2-cosy-dans-le-centre-de-marseille.fr.html?aid=304142&label=gen173nr-10CAQoggJCEHNlYXJjaF9tYXJzZWlsbGVIDVgEaE2IAQGYATO4ARfIAQzYAQPoAQH4AQGIAgGoAgG4AvqWjdUGwAIB0gIkNTgwNDI1OGYtMTYwMS00YjQ0LWJhMjgtMTM1NjRlNDY4NTkx2AIB4AIB&ucfs=1&arphpl=1&checkin=2026-10-15&checkout=2026-10-17&group_adults=2&req_adults=2&no_rooms=1&group_children=0&req_children=0&hpos=20&hapos=20&sr_order=popularity&srpvid=cf23037de066027b&srepoch=1789086610&all_sr_blocks=1193807901_391681492_2_0_0&highlighted_blocks=1193807901_391681492_2_0_0&matching_block_id=1193807901_391681492_2_0_0&sr_pri_blocks=1193807901_391681492_2_0_0__20515&from=searchresults,8.3,"Appartement 1 Chambre
Appartement entier • 1 chambre • 1 salon • 1 salle de bains • 1 cuisine • 46 m²
2 lits (1 lit double, 1 canapé-lit)",43.3057987,5.3688882
26,Aigues Mortes,Résidence Odalys Fleur de Sel,https://www.booking.com/hotel/fr/residence-odalys-fleur-de-sel.fr.html?aid=304142&label=gen173nr-10CAQoggJCFHNlYXJjaF9haWd1ZXMgbW9ydGVzSA1YBGhNiAEBmAEzuAEXyAEM2AED6AEB-AEBiAIBqAIBuAKLl43VBsACAdICJDg0YTg5NGQyLTQxOTQtNDQ3ZS05NmQxLWNjNGMxNjEyYjljMNgCAeACAQ&ucfs=1&arphpl=1&checkin=2026-10-15&checkout=2026-10-17&group_adults=2&req_adults=2&no_rooms=1&group_children=0&req_children=0&hpos=1&hapos=1&sr_order=popularity&srpvid=d1550385c83b02f2&srepoch=1789086623&all_sr_blocks=333205501_0_2_0_0&highlighted_blocks=333205501_0_2_0_0&matching_block_id=333205501_0_2_0_0&sr_pri_blocks=333205501_0_2_0_0__16055&from=searchresults,8.5,"Appartement Standard
Appartement entier • 1 chambre • 1 salon • 1 salle de bains • 31 m²
2 lits (1 canapé-lit, 1 grand lit double)
Annulation gratuite",43.574094,4.179246
26,Aigues Mortes,Artemia Aigues-Mortes - Hôtel avec piscine - Bornes électriques - Parking privé - Local vélo-moto,https://www.booking.com/hotel/fr/le-royal-hotel-aigues-mortes.fr.html?aid=304142&label=gen173nr-10CAQoggJCFHNlYXJjaF9haWd1ZXMgbW9ydGVzSA1YBGhNiAEBmAEzuAEXyAEM2AED6AEB-AEBiAIBqAIBuAKLl43VBsACAdICJDg0YTg5NGQyLTQxOTQtNDQ3ZS05NmQxLWNjNGMxNjEyYjljMNgCAeACAQ&ucfs=1&arphpl=1&checkin=2026-10-15&checkout=2026-10-17&group_adults=2&req_adults=2&no_rooms=1&group_children=0&req_children=0&hpos=2&hapos=2&sr_order=popularity&srpvid=d1550385c83b02f2&srepoch=1789086623&all_sr_blocks=89774_430394394_0_2_0&highlighted_blocks=89774_430394394_0_2_0&matching_block_id=89774_430394394_0_2_0&sr_pri_blocks=89774_430394394_0_2_0__17960&from=searchresults,8.9,"Chambre Double ou Lits Jumeaux Confort avec Vue sur Jardin
Types de lits : 1 lit double ou 2 lits simples
Annulation gratuite
Plus que 7 disponibles à ce tarif",43.57639588787367,4.197818040847778
26,Aigues Mortes,Résidence Odalys Le Mas des Flamants,https://www.booking.com/hotel/fr/residence-le-mas-des-flamants.fr.html?aid=304142&label=gen173nr-10CAQoggJCFHNlYXJjaF9haWd1ZXMgbW9ydGVzSA1YBGhNiAEBmAEzuAEXyAEM2AED6AEB-AEBiAIBqAIBuAKLl43VBsACAdICJDg0YTg5NGQyLTQxOTQtNDQ3ZS05NmQxLWNjNGMxNjEyYjljMNgCAeACAQ&ucfs=1&arphpl=1&checkin=2026-10-15&checkout=2026-10-17&group_adults=2&req_adults=2&no_rooms=1&group_children=0&req_children=0&hpos=3&hapos=3&sr_order=popularity&srpvid=d1550385c83b02f2&srepoch=1789086623&all_sr_blocks=36504901_0_2_0_0&highlighted_blocks=36504901_0_2_0_0&matching_block_id=36504901_0_2_0_0&sr_pri_blocks=36504901_0_2_0_0__18484&from=searchresults,8.4,"Appartement (2-4 Adultes)
Appartement entier • 1 chambre • 1 salle de bains • 35 m²
2 lits (1 lit double, 1 canapé-lit)
Annulation gratuite",43.57379435310839,4.180621862215048
26,Aigues Mortes,Hôtel les jardins du canal - piscine chauffée à 28 degrés - parking gratuit - garage - bornes électriques - accueil vélos et motos - kids friendly-solaire ecoresponsable,https://www.booking.com/hotel/fr/canal-aigues-mortes.fr.html?aid=304142&label=gen173nr-10CAQoggJCFHNlYXJjaF9haWd1ZXMgbW9ydGVzSA1YBGhNiAEBmAEzuAEXyAEM2AED6AEB-AEBiAIBqAIBuAKLl43VBsACAdICJDg0YTg5NGQyLTQxOTQtNDQ3ZS05NmQxLWNjNGMxNjEyYjljMNgCAeACAQ&ucfs=1&arphpl=1&checkin=2026-10-15&checkout=2026-10-17&group_adults=2&req_adults=2&no_rooms=1&group_children=0&req_children=0&hpos=4&hapos=4&sr_order=popularity&srpvid=d1550385c83b02f2&srepoch=1789086623&all_sr_blocks=5438601_410305819_2_0_0&highlighted_blocks=5438601_410305819_2_0_0&matching_block_id=5438601_410305819_2_0_0&sr_pri_blocks=5438601_410305819_2_0_0__19860&from=searchresults,8.9,"Chambre Double Standard
Types de lits : 1 lit double ou 2 lits simples
Annulation gratuite
Plus que 4 disponibles à ce tarif",43.572987520084624,4.194824695587158
26,Aigues Mortes,La Villa Mazarin,https://www.booking.com/hotel/fr/la-villa-mazarin.fr.html?aid=304142&label=gen173nr-10CAQoggJCFHNlYXJjaF9haWd1ZXMgbW9ydGVzSA1YBGhNiAEBmAEzuAEXyAEM2AED6AEB-AEBiAIBqAIBuAKLl43VBsACAdICJDg0YTg5NGQyLTQxOTQtNDQ3ZS05NmQxLWNjNGMxNjEyYjljMNgCAeACAQ&ucfs=1&arphpl=1&checkin=2026-10-15&checkout=2026-10-17&group_adults=2&req_adults=2&no_rooms=1&group_children=0&req_children=0&hpos=5&hapos=5&sr_order=popularity&srpvid=d1550385c83b02f2&srepoch=1789086623&all_sr_blocks=5352101_99734949_0_42_0&highlighted_blocks=5352101_99734949_0_42_0&matching_block_id=5352101_99734949_0_42_0&sr_pri_blocks=5352101_99734949_0_42_0__33584&from=searchresults,9.2,"Chambre Double Classique
1 lit double
Plus que 2 disponibles à ce tarif",43.56498661964503,4.191751956841472
26,Aigues Mortes,Hôtel Le Médiéval - Parking inclus & accueil vélo,https://www.booking.com/hotel/fr/le-medieval.fr.html?aid=304142&label=gen173nr-10CAQoggJCFHNlYXJjaF9haWd1ZXMgbW9ydGVzSA1YBGhNiAEBmAEzuAEXyAEM2AED6AEB-AEBiAIBqAIBuAKLl43VBsACAdICJDg0YTg5NGQyLTQxOTQtNDQ3ZS05NmQxLWNjNGMxNjEyYjljMNgCAeACAQ&ucfs=1&arphpl=1&checkin=2026-10-15&checkout=2026-10-17&group_adults=2&req_adults=2&no_rooms=1&group_children=0&req_children=0&hpos=6&hapos=6&sr_order=popularity&srpvid=d1550385c83b02f2&srepoch=1789086623&all_sr_blocks=25855901_434015972_0_2_0_1156691&highlighted_blocks=25855901_434015972_0_2_0_1156691&matching_block_id=25855901_434015972_0_2_0_1156691&sr_pri_blocks=25855901_434015972_0_2_0_1156691_16260&from=searchresults,8.9,"Chambre Double
1 lit double
Annulation gratuite
Aucun prépaiement requis – Payez sur place
Plus que 4 disponibles à ce tarif",43.57186625316511,4.19366168974193
26,Aigues Mortes,Appartement intra-muros,https://www.booking.com/hotel/fr/appartement-intra-muros-aigues-mortes.fr.html?aid=304142&label=gen173nr-10CAQoggJCFHNlYXJjaF9haWd1ZXMgbW9ydGVzSA1YBGhNiAEBmAEzuAEXyAEM2AED6AEB-AEBiAIBqAIBuAKLl43VBsACAdICJDg0YTg5NGQyLTQxOTQtNDQ3ZS05NmQxLWNjNGMxNjEyYjljMNgCAeACAQ&ucfs=1&arphpl=1&checkin=2026-10-15&checkout=2026-10-17&group_adults=2&req_adults=2&no_rooms=1&group_children=0&req_children=0&hpos=7&hapos=7&sr_order=popularity&srpvid=d1550385c83b02f2&srepoch=1789086623&all_sr_blocks=1189637701_391306700_2_0_0&highlighted_blocks=1189637701_391306700_2_0_0&matching_block_id=1189637701_391306700_2_0_0&sr_pri_blocks=1189637701_391306700_2_0_0__18558&from=searchresults,7.5,"Appartement 1 Chambre
Appartement entier • 1 chambre • 1 salon • 1 salle de bains • 1 cuisine • 40 m²
2 lits (1 lit double, 1 canapé-lit)",43.5675632,4.1913895
26,Aigues Mortes,L Ecrin de Gambetta - Maison cosy intra-muros avec parking inclus,https://www.booking.com/hotel/fr/l-ecrin-de-gambetta-maison-cosy-avec-patio-4-a-6-personnes.fr.html?aid=304142&label=gen173nr-10CAQoggJCFHNlYXJjaF9haWd1ZXMgbW9ydGVzSA1YBGhNiAEBmAEzuAEXyAEM2AED6AEB-AEBiAIBqAIBuAKLl43VBsACAdICJDg0YTg5NGQyLTQxOTQtNDQ3ZS05NmQxLWNjNGMxNjEyYjljMNgCAeACAQ&ucfs=1&arphpl=1&checkin=2026-10-15&checkout=2026-10-17&group_adults=2&req_adults=2&no_rooms=1&group_children=0&req_children=0&hpos=8&hapos=8&sr_order=popularity&srpvid=d1550385c83b02f2&srepoch=1789086623&all_sr_blocks=1601431303_431229941_4_0_0&highlighted_blocks=1601431303_431229941_4_0_0&matching_block_id=1601431303_431229941_4_0_0&sr_pri_blocks=1601431303_431229941_4_0_0__33760&from=searchresults,9.6,"Maison 2 Chambres
Maison de vacances entière • 2 chambres • 1 salon • 1 salle de bains • 1 cuisine • 84 m²
2 grands lits doubles
Annulation gratuite
Plus que 1 disponible à ce tarif",43.565882757162456,4.192340829538357
26,Aigues Mortes,Hotel Saint Louis - Au Coeur des Remparts,https://www.booking.com/hotel/fr/saint-louis-aigues-mortes.fr.html?aid=304142&label=gen173nr-10CAQoggJCFHNlYXJjaF9haWd1ZXMgbW9ydGVzSA1YBGhNiAEBmAEzuAEXyAEM2AED6AEB-AEBiAIBqAIBuAKLl43VBsACAdICJDg0YTg5NGQyLTQxOTQtNDQ3ZS05NmQxLWNjNGMxNjEyYjljMNgCAeACAQ&ucfs=1&arphpl=1&checkin=2026-10-15&checkout=2026-10-17&group_adults=2&req_adults=2&no_rooms=1&group_children=0&req_children=0&hpos=9&hapos=9&sr_order=popularity&srpvid=d1550385c83b02f2&srepoch=1789086623&all_sr_blocks=7675805_88985011_0_34_0&highlighted_blocks=7675805_88985011_0_34_0&matching_block_id=7675805_88985011_0_34_0&sr_pri_blocks=7675805_88985011_0_34_0__24668&from=searchresults,8.6,"Chambre Supérieure
Types de lits : 1 lit double ou 2 lits simples
Plus que 6 disponibles à ce tarif",43.5672196715711,4.189343601465225
26,Aigues Mortes,Maisonnette - Résidence Malamousque,https://www.booking.com/hotel/fr/maisonnette-residence-malamousque.fr.html?aid=304142&label=gen173nr-10CAQoggJCFHNlYXJjaF9haWd1ZXMgbW9ydGVzSA1YBGhNiAEBmAEzuAEXyAEM2AED6AEB-AEBiAIBqAIBuAKLl43VBsACAdICJDg0YTg5NGQyLTQxOTQtNDQ3ZS05NmQxLWNjNGMxNjEyYjljMNgCAeACAQ&ucfs=1&arphpl=1&checkin=2026-10-15&checkout=2026-10-17&group_adults=2&req_adults=2&no_rooms=1&group_children=0&req_children=0&hpos=10&hapos=10&sr_order=popularity&srpvid=d1550385c83b02f2&srepoch=1789086623&all_sr_blocks=1224310701_394542018_2_0_0&highlighted_blocks=1224310701_394542018_2_0_0&matching_block_id=1224310701_394542018_2_0_0&sr_pri_blocks=1224310701_394542018_2_0_0__24635&from=searchresults,9.3,"Maison 2 Chambres
Maison de vacances entière • 2 chambres • 1 salon • 1 salle de bains • 40 m²
3 lits (2 lits doubles, 1 canapé-lit)
Annulation gratuite",43.572518099999996,4.1878398
26,Aigues Mortes,Maison de village avec garage,https://www.booking.com/hotel/fr/maison-de-village-avec-garage-aigues-mortes.fr.html?aid=304142&label=gen173nr-10CAQoggJCFHNlYXJjaF9haWd1ZXMgbW9ydGVzSA1YBGhNiAEBmAEzuAEXyAEM2AED6AEB-AEBiAIBqAIBuAKLl43VBsACAdICJDg0YTg5NGQyLTQxOTQtNDQ3ZS05NmQxLWNjNGMxNjEyYjljMNgCAeACAQ&ucfs=1&arphpl=1&checkin=2026-10-15&checkout=2026-10-17&group_adults=2&req_adults=2&no_rooms=1&group_children=0&req_children=0&hpos=11&hapos=11&sr_order=popularity&srpvid=d1550385c83b02f2&srepoch=1789086623&all_sr_blocks=984983401_370900580_2_0_0&highlighted_blocks=984983401_370900580_2_0_0&matching_block_id=984983401_370900580_2_0_0&sr_pri_blocks=984983401_370900580_2_0_0__19571&from=searchresults,8.6,"Maison 2 Chambres
Maison de vacances entière • 2 chambres • 1 salle de bains • 1 cuisine • 80 m²
2 lits doubles
Annulation gratuite",43.5652032,4.1899022
26,Aigues Mortes,Charmante maison de pêcheur,https://www.booking.com/hotel/fr/charmante-maison-de-pecheur-aigues-mortes.fr.html?aid=304142&label=gen173nr-10CAQoggJCFHNlYXJjaF9haWd1ZXMgbW9ydGVzSA1YBGhNiAEBmAEzuAEXyAEM2AED6AEB-AEBiAIBqAIBuAKLl43VBsACAdICJDg0YTg5NGQyLTQxOTQtNDQ3ZS05NmQxLWNjNGMxNjEyYjljMNgCAeACAQ&ucfs=1&arphpl=1&checkin=2026-10-15&checkout=2026-10-17&group_adults=2&req_adults=2&no_rooms=1&group_children=0&req_children=0&hpos=12&hapos=12&sr_order=popularity&srpvid=d1550385c83b02f2&srepoch=1789086623&all_sr_blocks=1426273201_414213276_2_0_0&highlighted_blocks=1426273201_414213276_2_0_0&matching_block_id=1426273201_414213276_2_0_0&sr_pri_blocks=1426273201_414213276_2_0_0__25020&from=searchresults,9.5,"Maison 1 Chambre
Maison de vacances entière • 1 chambre • 1 salon • 1 salle de bains • 1 cuisine • 30 m²
1 lit double
Annulation gratuite",43.5748541,4.1890169
26,Aigues Mortes,Charmante maison au calme,https://www.booking.com/hotel/fr/charmante-maison-au-calme-aigues-mortes.fr.html?aid=304142&label=gen173nr-10CAQoggJCFHNlYXJjaF9haWd1ZXMgbW9ydGVzSA1YBGhNiAEBmAEzuAEXyAEM2AED6AEB-AEBiAIBqAIBuAKLl43VBsACAdICJDg0YTg5NGQyLTQxOTQtNDQ3ZS05NmQxLWNjNGMxNjEyYjljMNgCAeACAQ&ucfs=1&arphpl=1&checkin=2026-10-15&checkout=2026-10-17&group_adults=2&req_adults=2&no_rooms=1&group_children=0&req_children=0&hpos=13&hapos=13&sr_order=popularity&srpvid=d1550385c83b02f2&srepoch=1789086623&all_sr_blocks=972410601_369752933_4_0_0&highlighted_blocks=972410601_369752933_4_0_0&matching_block_id=972410601_369752933_4_0_0&sr_pri_blocks=972410601_369752933_4_0_0__32248&from=searchresults,9.4,"Maison 2 Chambres
Maison de vacances entière • 2 chambres • 1 salle de bains • 1 cuisine • 60 m²
3 lits (2 lits simples, 1 grand lit double)
Annulation gratuite",43.5663778,4.2020055
26,Aigues Mortes,Appartements 3 étoiles terrasse ou patio intra-muros,https://www.booking.com/hotel/fr/appartement-3-etoiles-terrasse-intra-muros.fr.html?aid=304142&label=gen173nr-10CAQoggJCFHNlYXJjaF9haWd1ZXMgbW9ydGVzSA1YBGhNiAEBmAEzuAEXyAEM2AED6AEB-AEBiAIBqAIBuAKLl43VBsACAdICJDg0YTg5NGQyLTQxOTQtNDQ3ZS05NmQxLWNjNGMxNjEyYjljMNgCAeACAQ&ucfs=1&arphpl=1&checkin=2026-10-15&checkout=2026-10-17&group_adults=2&req_adults=2&no_rooms=1&group_children=0&req_children=0&hpos=14&hapos=14&sr_order=popularity&srpvid=d1550385c83b02f2&srepoch=1789086623&all_sr_blocks=830525801_348142870_2_0_0&highlighted_blocks=830525801_348142870_2_0_0&matching_block_id=830525801_348142870_2_0_0&sr_pri_blocks=830525801_348142870_2_0_0__24248&from=searchresults,9.5,"Appartement 1 Chambre
Appartement entier • 1 chambre • 1 salle de bains • 35 m²
1 très grand lit double
Annulation gratuite
Plus que 1 disponible à ce tarif",43.5653584,4.1927502
26,Aigues Mortes,Chez Morgane - Charmante maison familiale proche des remparts,https://www.booking.com/hotel/fr/superbe-maison-familiale-proche-des-remparts.fr.html?aid=304142&label=gen173nr-10CAQoggJCFHNlYXJjaF9haWd1ZXMgbW9ydGVzSA1YBGhNiAEBmAEzuAEXyAEM2AED6AEB-AEBiAIBqAIBuAKLl43VBsACAdICJDg0YTg5NGQyLTQxOTQtNDQ3ZS05NmQxLWNjNGMxNjEyYjljMNgCAeACAQ&ucfs=1&arphpl=1&checkin=2026-10-15&checkout=2026-10-17&group_adults=2&req_adults=2&no_rooms=1&group_children=0&req_children=0&hpos=15&hapos=15&sr_order=popularity&srpvid=d1550385c83b02f2&srepoch=1789086623&all_sr_blocks=1186756001_391036315_7_0_0&highlighted_blocks=1186756001_391036315_7_0_0&matching_block_id=1186756001_391036315_7_0_0&sr_pri_blocks=1186756001_391036315_7_0_0__45295&from=searchresults,9.2,"Villa 3 Chambres
Villa entière • 3 chambres • 1 salle de bains • 1 cuisine • 110 m²
4 lits (1 lit simple, 1 lit double, 2 grands lits doubles)
Annulation gratuite",43.5723259,4.181061
26,Aigues Mortes,Maison Arthur,https://www.booking.com/hotel/fr/maison-arthur.fr.html?aid=304142&label=gen173nr-10CAQoggJCFHNlYXJjaF9haWd1ZXMgbW9ydGVzSA1YBGhNiAEBmAEzuAEXyAEM2AED6AEB-AEBiAIBqAIBuAKLl43VBsACAdICJDg0YTg5NGQyLTQxOTQtNDQ3ZS05NmQxLWNjNGMxNjEyYjljMNgCAeACAQ&ucfs=1&arphpl=1&checkin=2026-10-15&checkout=2026-10-17&group_adults=2&req_adults=2&no_rooms=1&group_children=0&req_children=0&hpos=16&hapos=16&sr_order=popularity&srpvid=d1550385c83b02f2&srepoch=1789086623&all_sr_blocks=1029694501_415416350_2_0_0&highlighted_blocks=1029694501_415416350_2_0_0&matching_block_id=1029694501_415416350_2_0_0&sr_pri_blocks=1029694501_415416350_2_0_0__19402&from=searchresults,9.0,"Appartement Deluxe
Appartement entier • 1 chambre • 1 salon • 1 salle de bains • 1 cuisine • 22 m²
1 lit double
Annulation gratuite
Plus que 1 disponible à ce tarif",43.5659428,4.1924
26,Aigues Mortes,Lou Mirèio,https://www.booking.com/hotel/fr/42-rue-pasteur.fr.html?aid=304142&label=gen173nr-10CAQoggJCFHNlYXJjaF9haWd1ZXMgbW9ydGVzSA1YBGhNiAEBmAEzuAEXyAEM2AED6AEB-AEBiAIBqAIBuAKLl43VBsACAdICJDg0YTg5NGQyLTQxOTQtNDQ3ZS05NmQxLWNjNGMxNjEyYjljMNgCAeACAQ&ucfs=1&arphpl=1&checkin=2026-10-15&checkout=2026-10-17&group_adults=2&req_adults=2&no_rooms=1&group_children=0&req_children=0&hpos=17&hapos=17&sr_order=popularity&srpvid=d1550385c83b02f2&srepoch=1789086623&all_sr_blocks=459454801_153976390_2_0_0&highlighted_blocks=459454801_153976390_2_0_0&matching_block_id=459454801_153976390_2_0_0&sr_pri_blocks=459454801_153976390_2_0_0__18548&from=searchresults,9.5,"Appartement
Appartement entier • 1 chambre • 1 salle de bains • 1 cuisine • 36 m²
1 lit double
Annulation gratuite",43.566074978303,4.192578573016
26,Aigues Mortes,LE PALMIER Aigues-Mortes PARKING Petite Camargue,https://www.booking.com/hotel/fr/le-palmier-aigues-mortes.fr.html?aid=304142&label=gen173nr-10CAQoggJCFHNlYXJjaF9haWd1ZXMgbW9ydGVzSA1YBGhNiAEBmAEzuAEXyAEM2AED6AEB-AEBiAIBqAIBuAKLl43VBsACAdICJDg0YTg5NGQyLTQxOTQtNDQ3ZS05NmQxLWNjNGMxNjEyYjljMNgCAeACAQ&ucfs=1&arphpl=1&checkin=2026-10-15&checkout=2026-10-17&group_adults=2&req_adults=2&no_rooms=1&group_children=0&req_children=0&hpos=18&hapos=18&sr_order=popularity&srpvid=d1550385c83b02f2&srepoch=1789086623&all_sr_blocks=1652252202_437217008_2_1_0&highlighted_blocks=1652252202_437217008_2_1_0&matching_block_id=1652252202_437217008_2_1_0&sr_pri_blocks=1652252202_437217008_2_1_0__32340&from=searchresults,9.9,"Chambre Double Standard
1 grand lit double
Petit-déjeuner compris
Annulation gratuite
Plus que 2 disponibles à ce tarif",43.56951878534967,4.192149252557358
26,Aigues Mortes,Maison sol en ciel Petit Dejeuner et Parking inclus,https://www.booking.com/hotel/fr/maison-sol-en-ciel.fr.html?aid=304142&label=gen173nr-10CAQoggJCFHNlYXJjaF9haWd1ZXMgbW9ydGVzSA1YBGhNiAEBmAEzuAEXyAEM2AED6AEB-AEBiAIBqAIBuAKLl43VBsACAdICJDg0YTg5NGQyLTQxOTQtNDQ3ZS05NmQxLWNjNGMxNjEyYjljMNgCAeACAQ&ucfs=1&arphpl=1&checkin=2026-10-15&checkout=2026-10-17&group_adults=2&req_adults=2&no_rooms=1&group_children=0&req_children=0&hpos=19&hapos=19&sr_order=popularity&srpvid=d1550385c83b02f2&srepoch=1789086623&all_sr_blocks=1439654501_416612716_2_0_0&highlighted_blocks=1439654501_416612716_2_0_0&matching_block_id=1439654501_416612716_2_0_0&sr_pri_blocks=1439654501_416612716_2_0_0__22352&from=searchresults,9.7,"Chambre Double avec Salle de Bains Privative
1 grand lit double
Plus que 2 disponibles à ce tarif",43.5643228824193,4.19339834100036
26,Aigues Mortes,La Chambre Côté Piscine,https://www.booking.com/hotel/fr/la-chambre-cote-piscine.fr.html?aid=304142&label=gen173nr-10CAQoggJCFHNlYXJjaF9haWd1ZXMgbW9ydGVzSA1YBGhNiAEBmAEzuAEXyAEM2AED6AEB-AEBiAIBqAIBuAKLl43VBsACAdICJDg0YTg5NGQyLTQxOTQtNDQ3ZS05NmQxLWNjNGMxNjEyYjljMNgCAeACAQ&ucfs=1&arphpl=1&checkin=2026-10-15&checkout=2026-10-17&group_adults=2&req_adults=2&no_rooms=1&group_children=0&req_children=0&hpos=20&hapos=20&sr_order=popularity&srpvid=d1550385c83b02f2&srepoch=1789086623&all_sr_blocks=1422511801_413972383_2_1_0&highlighted_blocks=1422511801_413972383_2_1_0&matching_block_id=1422511801_413972383_2_1_0&sr_pri_blocks=1422511801_413972383_2_1_0__24352&from=searchresults,9.7,"Chambre Double - Vue sur Piscine
1 grand lit double
Petit-déjeuner compris
Annulation gratuite
Plus que 1 disponible à ce tarif",43.5720862,4.1963892
